term1,term2,clust
ï»¿10,440,1
10,810,1
10,871,5
10,929,1
10,1087,1
10,1437,3
10,1460,4
10,1593,1
10,2252,1
10,2254,1
10,3261,1
10,3363,2
10,3500,1
10,3681,2
10,4846,2
10,5419,2
10,5496,2
10,5523,1
10,6100,1
10,6655,1
10,6806,3
10,6837,1
10,7128,3
10,7135,3
10,7198,2
10,7233,1
10,7422,1
10,7975,1
10,7980,1
10,8069,2
10,8658,1
10,9304,1
10,9311,1
10,9412,1
10,11555,1
10,11748,1
10,12027,1
10,12173,1
10,12643,1
10,13326,3
10,13568,2
10,13752,1
85,109,5
85,440,2
85,566,1
85,711,1
85,810,2
85,871,5
85,939,3
85,1079,1
85,1593,1
85,2010,4
85,3500,3
85,3535,1
85,3914,2
85,4350,1
85,4357,1
85,4718,1
85,5124,2
85,5419,1
85,7128,1
85,7136,1
85,7198,1
85,7233,1
85,7824,1
85,7929,1
85,7980,2
85,8069,6
85,8432,2
85,9233,1
85,9290,2
85,9778,2
85,11011,1
85,11594,2
85,11982,1
85,12027,1
85,13448,1
85,13568,1
85,13752,1
85,13809,1
85,14541,1
85,14851,3
109,440,1
109,711,1
109,871,2
109,873,1
109,939,2
109,1593,1
109,2010,3
109,2495,2
109,2635,1
109,3018,1
109,3261,1
109,3500,3
109,3681,1
109,4350,1
109,4357,1
109,4411,1
109,5419,2
109,6806,1
109,7128,2
109,7198,2
109,7233,2
109,7929,1
109,7980,2
109,9290,1
109,9778,1
109,10144,1
109,11300,1
109,11555,1
109,11594,1
109,11932,1
109,11982,1
109,12027,2
109,12643,1
109,13411,1
109,13448,1
109,13568,2
109,14851,1
189,427,1
189,440,2
189,566,1
189,871,16
189,939,2
189,1205,1
189,2044,1
189,2164,1
189,2618,1
189,2623,1
189,3500,5
189,3681,1
189,3756,1
189,3762,6
189,4640,1
189,4642,1
189,5116,1
189,5419,1
189,6066,1
189,6540,1
189,6655,1
189,6666,1
189,6837,1
189,7980,4
189,8034,2
189,8658,1
189,8854,1
189,9304,1
189,9311,2
189,10144,1
189,10591,1
189,10847,1
189,10987,1
189,11019,1
189,11316,1
189,11683,1
189,11838,1
189,12643,4
189,12707,1
189,13286,1
189,13411,2
189,13448,2
189,13569,1
189,13865,2
189,13869,2
189,14368,1
189,14371,1
327,440,1
327,871,5
327,873,2
327,939,2
327,1205,1
327,1372,1
327,2010,1
327,3038,1
327,3462,1
327,3924,1
327,4907,1
327,5419,1
327,6655,3
327,6804,1
327,6837,2
327,8069,1
327,8272,1
327,8443,1
327,8658,4
327,9178,1
327,10591,1
327,10987,3
327,11683,2
327,11750,1
327,11890,4
327,13441,1
327,13448,1
327,13569,4
327,14081,4
390,871,2
390,873,1
390,939,1
390,1028,1
390,1460,1
390,1807,1
390,2092,1
390,2164,1
390,2618,1
390,2653,1
390,3500,2
390,4378,1
390,5117,1
390,6565,1
390,7422,1
390,7975,1
390,7980,2
390,8658,1
390,8707,1
390,9178,1
390,9867,2
390,10144,1
390,11497,1
390,11683,1
390,13411,2
390,13568,1
390,14368,1
427,871,5
427,1683,1
427,1887,1
427,2164,3
427,3500,1
427,3762,1
427,4717,1
427,6837,1
427,7980,4
427,9178,1
427,10610,1
427,11440,3
427,11683,2
427,11977,1
427,12167,1
427,12643,1
427,13411,1
427,13999,1
427,14371,2
440,566,2
440,585,1
440,648,1
440,711,2
440,810,2
440,871,30
440,873,1
440,926,2
440,939,4
440,1032,1
440,1205,3
440,1433,2
440,1437,1
440,1460,3
440,1593,3
440,1807,2
440,2010,5
440,2042,1
440,2044,4
440,2164,4
440,2254,1
440,2282,1
440,2296,3
440,2495,2
440,2618,1
440,2916,1
440,3038,2
440,3462,1
440,3500,7
440,3681,4
440,3762,1
440,3867,1
440,3965,1
440,4350,2
440,4378,3
440,4426,1
440,4718,1
440,4804,4
440,4846,1
440,4907,2
440,4913,3
440,5111,1
440,5117,2
440,5419,3
440,5496,4
440,5523,1
440,5669,1
440,5944,1
440,6066,5
440,6100,2
440,6655,1
440,6666,1
440,6804,1
440,6806,2
440,6837,1
440,6919,3
440,6995,1
440,7006,1
440,7128,4
440,7136,1
440,7233,4
440,7422,1
440,7980,14
440,8069,2
440,8272,1
440,8332,1
440,8658,7
440,8797,1
440,9195,2
440,9290,1
440,9304,2
440,9311,4
440,9325,3
440,9412,3
440,9778,1
440,9867,2
440,10381,1
440,10591,3
440,10610,1
440,10648,2
440,10987,1
440,11148,2
440,11300,1
440,11385,1
440,11458,1
440,11562,1
440,11683,2
440,11748,3
440,11750,2
440,11941,3
440,11977,2
440,11982,1
440,12027,2
440,12053,1
440,12064,1
440,12643,1
440,12771,1
440,13286,1
440,13317,1
440,13411,2
440,13441,1
440,13448,4
440,13569,3
440,13718,1
440,13752,3
440,13809,1
440,13991,1
440,14081,2
440,14187,1
440,14368,3
566,810,1
566,871,19
566,939,1
566,1087,1
566,1372,1
566,1460,2
566,1593,3
566,1683,1
566,1807,2
566,1887,1
566,2010,1
566,2164,10
566,2252,1
566,2254,2
566,2282,2
566,2296,2
566,2495,1
566,2618,1
566,2895,1
566,2916,2
566,2920,1
566,2923,2
566,2924,2
566,3018,1
566,3038,1
566,3310,1
566,3500,9
566,3593,1
566,3681,8
566,3709,1
566,3756,1
566,3762,3
566,3823,2
566,3984,2
566,4357,1
566,4633,4
566,4640,1
566,4642,4
566,4693,1
566,4718,1
566,4741,1
566,4846,1
566,4913,2
566,4939,1
566,4990,4
566,5027,1
566,5099,1
566,5111,3
566,5116,2
566,5124,1
566,5419,7
566,5496,1
566,5523,1
566,5651,1
566,5669,4
566,6014,1
566,6106,1
566,6540,3
566,6565,2
566,6593,1
566,6602,1
566,6655,1
566,6666,2
566,6806,1
566,6995,1
566,7006,3
566,7128,4
566,7136,1
566,7233,1
566,7422,1
566,7980,17
566,8069,2
566,8307,1
566,8332,1
566,8658,4
566,8707,3
566,9178,2
566,9195,1
566,9233,3
566,9290,2
566,9304,1
566,9325,3
566,9550,1
566,9778,15
566,10008,5
566,10144,7
566,10381,1
566,10591,2
566,10646,2
566,10675,2
566,10987,1
566,11011,1
566,11151,1
566,11300,2
566,11385,2
566,11421,2
566,11497,2
566,11594,2
566,11792,1
566,11932,2
566,11982,1
566,11998,3
566,12027,4
566,12053,4
566,12064,2
566,12110,1
566,12173,1
566,12371,1
566,12643,5
566,12790,1
566,13029,1
566,13116,1
566,13411,7
566,13448,2
566,13568,2
566,13569,1
566,13752,1
566,13809,1
566,13865,1
566,13869,1
566,13921,2
566,13980,1
566,14154,1
566,14368,4
566,14371,1
566,14851,2
585,810,1
585,871,16
585,929,1
585,939,3
585,1032,1
585,1205,1
585,1460,1
585,1683,1
585,1807,1
585,1887,1
585,2010,2
585,2164,3
585,2296,1
585,2495,2
585,2895,2
585,2924,1
585,3363,1
585,3462,2
585,3500,8
585,3681,3
585,3756,1
585,3823,1
585,3965,1
585,4165,1
585,4357,1
585,4718,1
585,4804,2
585,4907,2
585,5027,1
585,5116,1
585,5124,2
585,5419,2
585,5648,1
585,6066,1
585,6100,1
585,6655,1
585,6666,1
585,7006,1
585,7980,6
585,8069,1
585,8332,1
585,8658,2
585,8707,2
585,8854,1
585,9290,2
585,9311,2
585,9322,1
585,9550,1
585,9778,3
585,10144,1
585,10591,1
585,11151,1
585,11300,1
585,11421,1
585,11497,1
585,11683,1
585,11750,1
585,11941,1
585,12053,1
585,12643,4
585,13411,1
585,13441,1
585,13448,4
585,13865,1
648,871,5
648,939,4
648,1437,1
648,1460,7
648,1593,3
648,2010,2
648,2252,1
648,2895,1
648,3038,1
648,3462,1
648,3984,1
648,4378,1
648,4804,2
648,4846,1
648,5419,1
648,5496,3
648,6100,1
648,6806,1
648,6919,2
648,6995,1
648,7006,1
648,7128,2
648,7198,1
648,7233,1
648,7980,2
648,8069,1
648,8658,4
648,9778,1
648,9867,1
648,10144,1
648,10591,1
648,10675,1
648,11683,1
648,11982,1
648,12027,2
648,12643,2
648,12707,1
648,13411,2
648,13448,1
648,13508,1
648,13568,1
648,13569,2
648,13752,1
648,14055,1
648,14601,1
711,871,5
711,1807,1
711,2010,1
711,2164,2
711,2495,1
711,3038,1
711,3261,2
711,3363,1
711,3500,4
711,3762,2
711,4357,1
711,4640,1
711,4804,1
711,4907,1
711,4910,1
711,5065,1
711,5419,1
711,7128,2
711,7135,1
711,7198,1
711,7929,1
711,7980,5
711,9178,1
711,9233,1
711,9325,1
711,9596,1
711,10591,1
711,11300,1
711,11385,1
711,11497,2
711,11555,1
711,11982,1
711,12167,1
711,12173,2
711,12643,1
711,13029,1
711,13258,1
711,13411,1
711,13568,1
711,13752,1
711,13991,1
810,871,10
810,873,1
810,1087,2
810,1224,1
810,1250,1
810,1372,1
810,1437,1
810,1460,2
810,1593,4
810,1887,1
810,2010,3
810,2044,1
810,2164,3
810,2254,1
810,2296,1
810,2495,2
810,2924,2
810,3018,1
810,3247,2
810,3462,1
810,3500,2
810,3593,4
810,3681,1
810,3914,1
810,4262,1
810,4350,1
810,4357,3
810,4400,1
810,4640,1
810,5124,1
810,5419,5
810,5496,1
810,5771,1
810,6804,1
810,6806,1
810,7128,6
810,7135,3
810,7136,2
810,7233,3
810,7975,1
810,7980,3
810,8069,4
810,8658,1
810,9290,2
810,9778,6
810,10381,1
810,10675,1
810,10966,1
810,11011,1
810,11421,2
810,11440,1
810,11594,2
810,11748,2
810,11932,1
810,11982,3
810,12027,2
810,12209,1
810,12371,2
810,12643,1
810,13116,2
810,13411,1
810,13448,2
810,13508,1
810,13568,1
810,13569,1
810,13752,3
810,14055,1
871,873,3
871,926,5
871,929,3
871,939,41
871,1028,3
871,1079,4
871,1087,2
871,1205,12
871,1224,5
871,1250,4
871,1372,5
871,1433,8
871,1437,11
871,1441,3
871,1460,30
871,1593,14
871,1654,5
871,1683,8
871,1807,8
871,1887,5
871,2010,17
871,2042,4
871,2044,21
871,2092,5
871,2138,3
871,2164,34
871,2252,2
871,2254,11
871,2282,3
871,2296,6
871,2368,5
871,2495,6
871,2606,3
871,2618,5
871,2623,6
871,2635,2
871,2653,20
871,2895,1
871,2916,10
871,2920,5
871,2923,3
871,2924,6
871,3018,3
871,3038,21
871,3161,10
871,3247,5
871,3261,7
871,3310,6
871,3315,2
871,3344,2
871,3347,6
871,3363,6
871,3406,1
871,3451,3
871,3462,11
871,3479,7
871,3500,131
871,3525,3
871,3535,1
871,3593,2
871,3681,27
871,3709,3
871,3756,12
871,3762,34
871,3867,10
871,3892,5
871,3914,4
871,3924,9
871,3965,4
871,3984,14
871,4165,7
871,4262,3
871,4350,3
871,4357,13
871,4378,11
871,4400,3
871,4411,1
871,4426,8
871,4572,2
871,4633,6
871,4640,4
871,4642,5
871,4693,1
871,4696,2
871,4718,4
871,4741,2
871,4804,15
871,4846,4
871,4907,5
871,4910,3
871,4913,2
871,4939,2
871,4990,4
871,5027,5
871,5065,2
871,5067,2
871,5099,4
871,5111,1
871,5116,3
871,5117,6
871,5124,3
871,5295,2
871,5396,4
871,5419,26
871,5496,20
871,5523,4
871,5567,2
871,5574,3
871,5648,5
871,5651,1
871,5653,2
871,5669,5
871,5861,1
871,5864,3
871,5944,3
871,6014,6
871,6066,12
871,6100,7
871,6106,9
871,6413,3
871,6540,14
871,6565,5
871,6572,4
871,6593,3
871,6602,14
871,6616,1
871,6634,9
871,6655,21
871,6666,7
871,6804,5
871,6806,3
871,6837,9
871,6919,10
871,6995,4
871,7006,3
871,7128,24
871,7135,29
871,7136,4
871,7198,4
871,7233,19
871,7422,6
871,7824,4
871,7929,1
871,7975,8
871,7980,197
871,8034,7
871,8069,25
871,8272,5
871,8307,5
871,8332,6
871,8351,1
871,8432,3
871,8443,4
871,8658,38
871,8707,11
871,8764,4
871,8797,11
871,8854,5
871,9178,15
871,9195,1
871,9233,9
871,9290,10
871,9304,10
871,9311,15
871,9322,12
871,9325,12
871,9412,2
871,9550,8
871,9596,3
871,9667,5
871,9778,26
871,9867,10
871,10008,2
871,10077,1
871,10144,23
871,10381,7
871,10591,22
871,10610,2
871,10646,5
871,10648,3
871,10675,9
871,10804,3
871,10847,6
871,10987,14
871,11011,2
871,11019,7
871,11148,7
871,11151,7
871,11300,8
871,11316,4
871,11385,7
871,11421,12
871,11440,11
871,11458,4
871,11497,1
871,11555,6
871,11562,2
871,11594,5
871,11683,18
871,11748,8
871,11750,5
871,11760,3
871,11792,2
871,11838,8
871,11877,4
871,11890,3
871,11932,1
871,11941,8
871,11977,8
871,11982,3
871,11998,6
871,12027,15
871,12053,15
871,12064,4
871,12126,2
871,12167,4
871,12173,6
871,12177,2
871,12209,3
871,12371,13
871,12623,4
871,12643,48
871,12675,2
871,12694,1
871,12707,21
871,12771,9
871,12790,3
871,12996,3
871,13029,1
871,13116,2
871,13140,5
871,13258,2
871,13286,10
871,13317,4
871,13326,4
871,13411,29
871,13437,3
871,13441,8
871,13448,17
871,13508,4
871,13568,5
871,13569,15
871,13718,12
871,13752,6
871,13809,4
871,13865,6
871,13869,6
871,13921,4
871,13957,9
871,13980,2
871,13991,3
871,13999,3
871,14055,3
871,14081,4
871,14154,4
871,14187,10
871,14368,20
871,14371,2
871,14541,8
871,14601,3
871,14851,2
873,939,1
873,1250,1
873,1460,1
873,1593,3
873,1807,1
873,2010,2
873,2042,2
873,2044,2
873,2164,2
873,2254,2
873,2296,1
873,2495,1
873,2923,1
873,2924,1
873,3038,2
873,3247,1
873,3261,1
873,3344,1
873,3347,1
873,3451,1
873,3462,1
873,3500,4
873,3681,3
873,3762,1
873,3867,1
873,3914,1
873,4357,1
873,4633,1
873,4642,1
873,4804,2
873,5067,1
873,5419,3
873,5523,1
873,5944,1
873,6602,1
873,6655,1
873,6666,1
873,6806,1
873,6837,1
873,6919,1
873,6995,1
873,7006,1
873,7128,3
873,7136,6
873,7233,2
873,7980,6
873,8069,4
873,8272,1
873,8658,4
873,8707,1
873,9290,1
873,9311,1
873,9322,3
873,9325,2
873,9778,2
873,10144,1
873,10591,2
873,11168,1
873,11300,1
873,11421,1
873,11683,1
873,11838,1
873,11890,1
873,11941,1
873,11977,1
873,12027,1
873,12371,1
873,12623,1
873,12643,1
873,12707,1
873,12790,2
873,13411,1
873,13568,1
873,13569,1
873,13752,1
873,14368,1
873,14541,1
926,1032,1
926,1460,1
926,3681,1
926,4165,1
926,4262,1
926,4411,1
926,4633,1
926,5295,1
926,6100,1
926,6106,1
926,6540,1
926,6837,1
926,7128,1
926,7233,1
926,7980,3
926,9325,1
926,9778,1
926,10008,1
926,10591,1
926,11300,1
926,11562,1
926,11932,1
926,12996,1
926,13258,2
926,13448,1
926,13569,1
926,13752,1
929,1372,1
929,1460,1
929,1807,1
929,2044,1
929,2164,1
929,2252,1
929,2254,1
929,2924,1
929,3344,1
929,3500,2
929,3681,1
929,4633,1
929,5065,1
929,5117,1
929,5295,1
929,5419,2
929,5653,1
929,6806,1
929,7128,1
929,7135,1
929,7980,8
929,8658,2
929,9178,2
929,9325,2
929,9778,1
929,10144,2
929,10591,4
929,11300,1
929,11385,1
929,11440,1
929,11890,1
929,12053,1
929,12167,1
929,12694,1
929,13411,3
929,13568,1
929,13752,1
939,1205,3
939,1433,3
939,1437,2
939,1441,1
939,1460,9
939,1593,2
939,1683,3
939,1807,3
939,1887,2
939,2010,8
939,2042,1
939,2044,1
939,2138,1
939,2164,7
939,2252,1
939,2254,2
939,2368,2
939,2495,1
939,2606,1
939,2618,1
939,2623,1
939,2653,1
939,2895,1
939,2916,3
939,2923,1
939,3018,1
939,3038,6
939,3161,1
939,3261,2
939,3310,1
939,3344,1
939,3347,1
939,3363,1
939,3462,6
939,3479,1
939,3500,18
939,3535,2
939,3681,7
939,3709,1
939,3756,1
939,3762,7
939,3867,2
939,3924,1
939,3965,1
939,3984,4
939,4165,1
939,4350,2
939,4357,2
939,4378,3
939,4426,1
939,4589,1
939,4696,1
939,4718,1
939,4741,1
939,4804,2
939,4846,2
939,4907,3
939,4910,1
939,4913,1
939,4939,1
939,5027,1
939,5111,1
939,5116,2
939,5124,1
939,5419,1
939,5496,10
939,5669,1
939,5864,1
939,6066,3
939,6106,1
939,6413,2
939,6540,2
939,6602,1
939,6634,3
939,6655,3
939,6666,3
939,6806,3
939,6837,5
939,6919,7
939,6995,1
939,7006,1
939,7128,3
939,7135,2
939,7136,2
939,7233,3
939,7422,2
939,7975,1
939,7980,16
939,8069,11
939,8272,2
939,8443,1
939,8658,9
939,8707,4
939,8764,1
939,8854,3
939,9233,3
939,9290,3
939,9311,1
939,9322,2
939,9325,2
939,9667,1
939,9778,5
939,9867,2
939,10077,2
939,10144,8
939,10591,7
939,10675,2
939,10847,1
939,10987,1
939,11148,2
939,11300,1
939,11316,1
939,11385,2
939,11421,1
939,11440,1
939,11458,1
939,11594,3
939,11683,3
939,11760,1
939,11838,1
939,11877,1
939,11890,2
939,11941,5
939,11982,1
939,12027,3
939,12053,2
939,12177,1
939,12371,1
939,12623,1
939,12643,8
939,12694,1
939,12707,3
939,13029,2
939,13140,1
939,13286,1
939,13317,1
939,13411,9
939,13437,1
939,13441,3
939,13448,10
939,13568,4
939,13569,9
939,13718,1
939,13752,4
939,13865,1
939,13869,1
939,13957,1
939,14055,4
939,14081,3
939,14187,2
939,14368,4
939,14541,2
939,14601,1
939,14851,3
1028,1032,1
1028,2164,3
1028,2296,1
1028,2923,1
1028,3261,1
1028,3406,1
1028,3500,4
1028,3709,1
1028,4400,1
1028,4572,1
1028,5117,1
1028,5419,1
1028,5567,1
1028,5574,1
1028,5651,1
1028,5861,1
1028,6565,1
1028,7135,1
1028,7198,1
1028,7233,1
1028,7980,1
1028,8658,2
1028,8707,1
1028,9233,3
1028,9290,2
1028,9304,1
1028,9322,1
1028,9325,1
1028,9550,1
1028,10591,1
1028,11300,1
1028,11440,1
1028,11497,2
1028,12027,1
1028,12126,2
1028,13411,1
1028,13869,1
1028,13991,1
1032,2916,1
1032,2920,1
1032,3315,1
1032,3344,1
1032,3500,4
1032,5067,1
1032,5099,3
1032,5117,1
1032,5419,1
1032,5653,2
1032,6100,1
1032,6593,1
1032,6616,1
1032,6837,1
1032,7128,1
1032,9178,1
1032,9233,1
1032,9325,1
1032,9550,1
1032,9778,1
1032,11300,1
1032,11562,1
1032,12173,1
1032,13448,1
1032,13508,2
1032,13752,1
1032,13980,1
1032,13991,2
1032,14601,1
1079,1372,1
1079,3681,3
1079,3867,1
1079,3914,2
1079,3924,1
1079,4357,2
1079,4426,1
1079,4718,1
1079,5419,1
1079,6655,1
1079,6666,1
1079,6806,1
1079,6837,1
1079,7980,2
1079,8332,1
1079,8432,3
1079,11300,1
1079,11750,1
1079,13140,1
1079,13326,1
1079,13411,2
1079,13441,1
1079,13568,1
1079,13569,2
1079,14541,7
1079,14601,1
1087,1250,1
1087,1437,1
1087,1593,3
1087,2254,1
1087,3018,1
1087,3500,1
1087,5419,1
1087,7128,2
1087,7135,3
1087,7136,1
1087,7824,1
1087,8069,2
1087,8658,1
1087,9290,1
1087,10675,2
1087,11440,1
1087,11932,3
1087,11998,1
1087,12027,9
1087,12173,1
1087,12209,2
1087,13568,1
1087,13957,1
1205,1437,1
1205,1460,1
1205,1593,1
1205,2010,1
1205,2164,1
1205,2368,2
1205,2495,1
1205,2623,1
1205,3500,3
1205,3709,1
1205,3924,1
1205,4633,1
1205,4804,1
1205,4907,1
1205,5117,1
1205,5419,1
1205,5496,2
1205,6014,2
1205,6066,1
1205,6106,1
1205,6655,1
1205,6837,1
1205,7135,1
1205,7422,1
1205,7975,1
1205,7980,3
1205,8272,1
1205,8658,2
1205,9322,1
1205,9550,1
1205,10144,2
1205,10987,1
1205,11300,1
1205,11562,1
1205,11750,2
1205,11941,2
1205,11982,1
1205,12643,3
1205,12707,2
1205,13029,1
1205,13411,1
1205,13448,2
1205,13508,1
1205,14081,1
1224,1250,3
1224,2010,1
1224,2867,1
1224,3462,1
1224,3500,1
1224,3593,1
1224,4357,1
1224,5419,1
1224,6655,1
1224,7006,1
1224,7128,1
1224,8069,2
1224,8658,1
1224,9195,1
1224,9290,1
1224,9304,1
1224,9311,2
1224,9550,1
1224,11300,1
1224,11421,1
1224,11838,2
1224,12209,1
1224,12996,1
1224,13116,2
1224,13326,1
1224,13441,1
1224,13508,1
1224,13752,1
1224,13809,1
1224,14055,1
1250,1593,1
1250,2010,1
1250,2653,1
1250,3462,2
1250,3500,1
1250,3535,1
1250,4804,1
1250,6014,1
1250,7006,1
1250,7980,1
1250,8069,2
1250,8658,1
1250,9550,1
1250,10675,1
1250,11300,1
1250,11421,1
1250,11683,1
1250,11838,1
1250,12027,1
1250,12707,1
1250,12996,1
1250,13116,1
1250,13326,1
1250,13441,1
1250,13448,1
1250,13508,1
1250,14055,1
1372,4262,1
1372,4718,1
1372,5574,1
1372,5669,1
1372,5771,1
1372,6655,3
1372,7980,2
1372,8443,1
1372,8658,7
1372,9322,1
1372,9778,4
1372,10144,4
1372,10966,1
1372,11300,1
1372,11750,1
1372,11890,1
1372,12173,1
1372,12371,1
1372,12643,1
1372,13411,1
1372,13448,2
1372,13957,1
1433,1460,1
1433,4804,1
1433,4907,1
1433,5027,2
1433,6066,1
1433,7422,1
1433,7975,1
1433,7980,4
1433,8272,1
1433,8707,1
1433,9325,1
1433,10675,1
1433,11440,1
1433,11760,1
1433,12177,1
1433,13448,1
1433,13569,1
1433,14081,1
1437,1441,1
1437,1460,3
1437,1593,3
1437,1887,1
1437,2138,4
1437,2164,3
1437,2252,1
1437,2495,1
1437,3363,1
1437,3500,5
1437,3681,2
1437,3709,1
1437,3762,3
1437,4633,1
1437,4846,4
1437,5419,1
1437,5496,2
1437,5523,1
1437,6066,1
1437,6100,1
1437,6540,1
1437,6655,1
1437,6806,2
1437,6837,1
1437,6919,2
1437,6995,2
1437,7128,2
1437,7135,2
1437,7233,1
1437,7422,2
1437,7980,4
1437,8069,5
1437,8658,3
1437,9233,1
1437,9311,1
1437,9412,1
1437,10144,1
1437,10591,2
1437,10648,1
1437,10987,1
1437,11019,1
1437,11683,1
1437,11748,1
1437,11941,1
1437,12027,1
1437,12167,1
1437,12371,1
1437,12643,1
1437,13116,1
1437,13326,1
1437,13437,1
1437,13441,1
1437,13448,1
1437,13568,2
1437,13752,1
1437,13865,1
1441,1460,1
1441,2092,1
1441,2138,1
1441,2495,1
1441,3681,1
1441,4633,1
1441,7128,1
1441,7135,1
1441,7980,2
1441,8069,2
1441,8272,1
1441,8332,1
1441,9778,2
1441,11941,2
1441,11998,1
1441,12643,1
1441,12771,1
1441,13568,1
1441,13718,1
1441,14055,2
1460,1593,6
1460,1807,2
1460,1887,1
1460,2010,4
1460,2252,3
1460,2254,2
1460,2495,1
1460,2606,1
1460,2895,1
1460,3018,1
1460,3038,2
1460,3310,1
1460,3363,4
1460,3451,1
1460,3462,2
1460,3500,4
1460,3681,3
1460,3924,1
1460,3984,2
1460,4165,1
1460,4357,1
1460,4378,1
1460,4633,1
1460,4642,1
1460,4804,3
1460,4846,5
1460,4907,2
1460,4910,1
1460,5117,1
1460,5419,6
1460,5496,5
1460,5523,2
1460,5574,1
1460,5653,1
1460,5669,1
1460,5944,1
1460,6014,1
1460,6066,1
1460,6100,3
1460,6106,2
1460,6540,1
1460,6655,2
1460,6806,3
1460,6837,2
1460,6919,2
1460,6995,1
1460,7006,1
1460,7128,7
1460,7135,4
1460,7136,2
1460,7233,5
1460,7422,1
1460,7975,2
1460,7980,10
1460,8069,8
1460,8272,1
1460,8658,6
1460,8707,1
1460,8764,1
1460,9311,1
1460,9322,4
1460,9325,1
1460,9412,1
1460,9596,1
1460,9778,3
1460,10144,2
1460,10591,3
1460,10646,1
1460,11440,1
1460,11458,1
1460,11555,1
1460,11594,1
1460,11683,1
1460,11748,1
1460,11792,1
1460,11941,3
1460,11982,1
1460,12027,2
1460,12643,2
1460,12707,1
1460,12996,1
1460,13029,1
1460,13326,3
1460,13411,4
1460,13441,1
1460,13448,3
1460,13568,1
1460,13569,4
1460,13752,3
1460,13957,1
1460,14055,1
1460,14368,2
1593,2010,2
1593,2164,1
1593,2252,3
1593,2254,2
1593,2282,1
1593,3038,3
1593,3247,2
1593,3261,1
1593,3310,1
1593,3347,1
1593,3479,1
1593,3500,5
1593,3681,2
1593,3914,1
1593,4350,2
1593,4357,4
1593,4640,1
1593,4642,1
1593,5124,5
1593,5419,6
1593,5496,1
1593,5651,1
1593,6014,1
1593,6106,1
1593,6602,1
1593,6806,2
1593,6837,1
1593,6919,2
1593,6995,1
1593,7006,1
1593,7128,9
1593,7135,5
1593,7136,3
1593,7198,1
1593,7233,10
1593,7929,1
1593,7980,6
1593,8069,3
1593,8432,1
1593,8658,3
1593,9233,2
1593,9412,1
1593,9778,2
1593,10381,1
1593,10591,1
1593,10675,2
1593,11300,1
1593,11440,1
1593,11555,1
1593,11792,1
1593,11932,3
1593,11941,1
1593,11982,2
1593,12027,9
1593,12209,1
1593,12643,1
1593,12694,1
1593,12771,1
1593,12790,1
1593,13326,1
1593,13411,2
1593,13568,1
1593,13569,1
1593,13752,2
1593,13957,2
1654,2010,1
1654,2164,3
1654,2916,1
1654,3479,1
1654,3500,2
1654,3984,1
1654,4400,1
1654,5099,1
1654,5111,2
1654,5116,1
1654,6066,1
1654,6540,1
1654,7980,3
1654,8351,1
1654,8658,1
1654,9233,2
1654,9290,1
1654,9304,1
1654,11440,1
1654,11497,1
1654,13718,1
1654,14154,1
1654,14601,1
1683,1807,1
1683,2164,3
1683,3500,4
1683,3984,1
1683,6837,1
1683,7929,1
1683,7980,3
1683,8034,1
1683,8764,1
1683,8854,1
1683,9178,2
1683,9233,1
1683,9325,1
1683,9667,1
1683,10144,1
1683,11683,1
1683,11977,1
1683,13411,1
1683,13448,1
1683,14187,1
1683,14368,1
1807,2010,1
1807,2164,5
1807,2920,1
1807,2923,1
1807,3161,1
1807,3479,1
1807,3500,8
1807,3681,1
1807,3762,4
1807,3965,1
1807,3984,2
1807,4939,2
1807,5117,5
1807,5419,1
1807,6602,1
1807,6634,2
1807,6655,1
1807,6837,1
1807,7006,1
1807,7980,9
1807,8034,1
1807,8069,2
1807,8658,3
1807,8707,1
1807,8797,1
1807,9178,1
1807,9233,1
1807,9311,1
1807,9325,1
1807,9550,1
1807,9778,1
1807,10077,1
1807,10144,2
1807,10591,5
1807,10610,2
1807,10646,1
1807,10847,3
1807,11148,4
1807,11151,1
1807,11300,1
1807,11683,3
1807,12053,2
1807,12643,2
1807,13286,1
1807,13317,2
1807,13411,1
1807,13980,1
1807,14055,1
1807,14154,1
1807,14187,3
1807,14368,1
1807,14371,1
1807,14851,1
1887,2010,1
1887,2092,1
1887,2138,1
1887,2164,2
1887,2254,1
1887,2618,2
1887,3363,1
1887,3500,1
1887,3762,1
1887,3867,2
1887,3914,1
1887,4426,1
1887,4717,1
1887,4804,1
1887,6066,1
1887,6655,2
1887,7980,4
1887,8034,1
1887,8332,1
1887,8658,2
1887,8854,1
1887,9233,1
1887,9290,1
1887,10591,1
1887,10675,2
1887,11440,1
1887,12027,1
1887,12167,1
1887,12643,1
1887,13411,1
1887,13448,1
1887,13569,2
1887,13718,1
1887,14368,1
2010,2164,5
2010,2252,1
2010,2254,1
2010,2495,3
2010,2606,1
2010,2618,1
2010,2635,1
2010,2916,1
2010,3261,1
2010,3347,1
2010,3363,1
2010,3462,3
2010,3479,1
2010,3500,7
2010,3681,2
2010,3709,1
2010,3867,1
2010,3892,1
2010,4350,1
2010,4357,1
2010,4400,1
2010,4411,1
2010,4426,1
2010,4804,1
2010,4846,1
2010,4907,1
2010,5027,1
2010,5116,1
2010,5117,2
2010,5124,2
2010,5419,5
2010,5496,4
2010,5771,1
2010,6014,1
2010,6066,1
2010,6655,3
2010,6666,1
2010,6804,1
2010,6837,1
2010,6995,1
2010,7006,2
2010,7128,7
2010,7135,4
2010,7136,3
2010,7198,3
2010,7233,1
2010,7929,1
2010,7975,1
2010,7980,5
2010,8034,1
2010,8069,8
2010,8332,1
2010,8432,1
2010,8658,5
2010,9233,3
2010,9290,3
2010,9311,1
2010,9325,1
2010,9550,1
2010,9778,3
2010,9867,1
2010,10144,2
2010,10381,1
2010,10591,2
2010,10610,1
2010,10987,1
2010,11011,2
2010,11148,1
2010,11300,2
2010,11440,1
2010,11594,3
2010,11683,2
2010,11750,1
2010,11792,2
2010,11890,1
2010,11932,1
2010,11941,1
2010,11982,2
2010,12027,4
2010,12053,1
2010,12064,1
2010,12643,5
2010,12707,2
2010,12790,2
2010,13258,2
2010,13326,1
2010,13411,2
2010,13441,1
2010,13448,3
2010,13568,3
2010,13569,2
2010,13718,1
2010,13752,2
2010,13957,1
2010,14055,1
2010,14081,2
2010,14154,1
2010,14187,2
2010,14851,3
2042,2044,1
2042,2495,2
2042,3038,1
2042,3500,1
2042,3762,2
2042,3867,1
2042,6666,1
2042,6837,1
2042,7128,1
2042,7135,2
2042,7980,4
2042,8658,1
2042,8797,1
2042,9178,1
2042,9412,1
2042,9867,1
2042,12707,1
2042,13441,1
2042,13718,3
2044,2164,1
2044,2495,1
2044,2606,1
2044,3347,1
2044,3500,1
2044,3681,1
2044,4378,1
2044,5099,1
2044,5653,2
2044,6066,1
2044,6919,1
2044,7980,3
2044,8332,1
2044,9178,1
2044,12643,1
2044,12707,2
2044,13448,1
2044,13999,1
2092,2138,1
2092,2916,1
2092,3038,1
2092,3500,1
2092,3681,2
2092,3762,1
2092,3867,1
2092,3914,1
2092,4426,1
2092,4804,1
2092,5419,1
2092,5669,1
2092,5861,1
2092,6066,1
2092,6413,1
2092,6655,1
2092,7006,1
2092,7128,1
2092,7980,4
2092,8332,1
2092,9867,1
2092,10144,1
2092,10648,1
2092,10675,1
2092,12167,1
2092,12371,1
2092,13140,1
2092,13286,1
2092,13568,1
2092,13569,1
2092,14368,1
2092,14541,2
2138,3709,1
2138,4633,1
2138,4846,1
2138,5419,1
2138,5651,1
2138,6540,1
2138,6565,1
2138,6655,1
2138,6995,1
2138,8069,3
2138,8332,1
2138,8658,2
2138,8854,1
2138,9233,1
2138,10144,2
2138,10591,2
2138,10987,1
2138,11683,1
2138,12053,1
2138,13116,1
2138,13326,1
2138,13569,1
2138,13865,1
2164,2282,1
2164,2296,9
2164,2495,1
2164,2623,1
2164,2653,3
2164,2895,2
2164,2916,7
2164,2920,2
2164,2923,5
2164,2924,9
2164,3038,8
2164,3261,1
2164,3310,1
2164,3315,2
2164,3347,1
2164,3363,1
2164,3406,2
2164,3451,1
2164,3462,1
2164,3479,6
2164,3500,49
2164,3525,1
2164,3681,4
2164,3709,2
2164,3756,1
2164,3762,10
2164,3892,1
2164,3984,2
2164,4350,1
2164,4357,1
2164,4378,1
2164,4400,4
2164,4411,1
2164,4572,2
2164,4633,1
2164,4696,1
2164,4717,1
2164,4741,2
2164,4804,1
2164,4846,1
2164,4910,2
2164,4913,3
2164,4990,3
2164,5027,1
2164,5099,3
2164,5111,8
2164,5116,3
2164,5117,8
2164,5124,1
2164,5419,6
2164,5490,1
2164,5496,2
2164,5567,1
2164,5574,1
2164,5651,2
2164,5653,2
2164,5771,2
2164,5864,1
2164,6014,1
2164,6106,1
2164,6413,1
2164,6540,8
2164,6593,2
2164,6602,1
2164,6616,1
2164,6634,6
2164,6655,2
2164,6666,2
2164,6837,1
2164,6995,1
2164,7006,1
2164,7128,1
2164,7135,1
2164,7136,2
2164,7198,1
2164,7824,1
2164,7929,1
2164,7975,3
2164,7980,34
2164,8069,3
2164,8272,1
2164,8307,5
2164,8332,4
2164,8658,14
2164,8707,1
2164,8764,1
2164,8797,1
2164,8854,2
2164,9178,1
2164,9233,7
2164,9290,5
2164,9304,1
2164,9311,1
2164,9322,7
2164,9325,4
2164,9550,5
2164,9596,3
2164,9778,3
2164,10144,3
2164,10381,1
2164,10591,9
2164,10610,3
2164,10646,1
2164,10675,1
2164,10847,1
2164,10987,2
2164,11019,1
2164,11148,2
2164,11168,2
2164,11300,13
2164,11316,1
2164,11385,4
2164,11440,1
2164,11458,2
2164,11497,4
2164,11562,1
2164,11683,2
2164,11750,1
2164,11877,3
2164,11998,1
2164,12027,2
2164,12053,11
2164,12064,2
2164,12126,3
2164,12167,2
2164,12173,3
2164,12177,1
2164,12371,1
2164,12643,6
2164,12675,1
2164,12694,1
2164,12790,1
2164,13029,2
2164,13258,1
2164,13317,3
2164,13411,25
2164,13441,2
2164,13448,4
2164,13508,3
2164,13568,1
2164,13569,1
2164,13809,1
2164,13957,1
2164,13980,4
2164,14154,3
2164,14187,2
2164,14368,3
2252,2254,2
2252,2495,1
2252,2606,1
2252,3500,1
2252,3535,1
2252,4350,1
2252,4357,3
2252,5419,2
2252,6106,1
2252,6666,1
2252,6806,1
2252,7128,3
2252,7233,1
2252,7980,1
2252,8351,1
2252,9311,1
2252,10591,1
2252,11440,1
2252,11594,2
2252,11792,1
2252,11932,1
2252,12027,1
2252,12209,1
2252,13411,1
2252,13448,1
2252,13568,1
2252,13752,2
2252,14081,1
2252,14851,1
2254,2368,2
2254,2495,1
2254,2606,5
2254,2635,1
2254,2653,1
2254,3018,2
2254,3038,1
2254,3247,1
2254,3261,1
2254,3347,3
2254,3363,1
2254,3500,1
2254,3593,1
2254,3867,1
2254,3914,1
2254,4357,3
2254,4642,1
2254,5065,1
2254,5116,1
2254,5419,2
2254,5523,1
2254,5861,1
2254,5864,2
2254,6014,2
2254,6413,1
2254,6806,1
2254,6837,1
2254,7128,2
2254,7135,5
2254,7136,1
2254,7233,5
2254,7980,9
2254,8069,2
2254,8658,2
2254,8764,1
2254,9233,4
2254,9311,3
2254,9322,1
2254,9325,1
2254,9778,2
2254,10144,2
2254,10591,1
2254,10610,1
2254,10675,1
2254,11011,1
2254,11148,1
2254,11421,1
2254,11555,1
2254,11594,3
2254,11932,1
2254,11941,1
2254,11982,1
2254,12027,6
2254,12064,1
2254,12167,1
2254,12173,1
2254,12209,3
2254,12371,2
2254,12643,1
2254,12790,1
2254,13116,1
2254,13411,3
2254,13437,1
2254,13508,2
2254,13568,1
2254,13752,1
2254,13869,1
2254,13957,4
2282,2296,1
2282,2867,1
2282,3315,1
2282,3500,1
2282,4350,1
2282,4633,2
2282,4642,1
2282,4717,1
2282,4990,1
2282,5111,1
2282,5124,1
2282,5419,1
2282,5669,1
2282,6572,1
2282,6806,1
2282,7128,2
2282,7135,1
2282,7198,1
2282,7980,3
2282,8658,1
2282,9195,1
2282,10077,2
2282,10675,1
2282,11792,1
2282,12177,1
2282,13411,1
2282,13437,1
2282,13809,1
2296,2606,1
2296,2618,1
2296,2635,1
2296,2916,4
2296,2923,1
2296,2924,2
2296,3038,1
2296,3347,1
2296,3479,1
2296,3500,11
2296,3762,1
2296,4572,1
2296,4910,1
2296,5117,1
2296,5396,2
2296,5419,3
2296,5490,1
2296,6540,1
2296,6565,1
2296,6572,1
2296,6593,1
2296,6602,2
2296,6634,3
2296,6837,1
2296,7006,1
2296,7135,1
2296,7929,4
2296,7980,2
2296,8307,1
2296,8707,1
2296,8854,1
2296,9178,2
2296,9233,2
2296,9325,2
2296,9412,2
2296,9667,1
2296,10077,1
2296,11300,1
2296,12027,1
2296,12053,3
2296,12173,1
2296,12177,1
2296,13411,2
2296,13865,1
2296,13980,2
2368,2606,1
2368,3018,2
2368,3344,2
2368,3347,1
2368,3462,1
2368,3500,1
2368,4589,1
2368,4717,1
2368,5099,2
2368,5117,1
2368,5419,1
2368,5861,1
2368,5864,1
2368,6014,2
2368,7135,1
2368,7980,1
2368,9178,1
2368,9778,1
2368,12027,2
2368,12643,4
2368,12707,3
2368,13029,1
2368,13508,4
2368,13869,1
2368,13957,2
2368,13999,1
2495,2895,1
2495,3018,1
2495,3261,2
2495,3363,1
2495,3462,1
2495,3500,1
2495,3681,2
2495,3762,2
2495,4357,1
2495,4411,1
2495,4642,1
2495,4907,1
2495,5124,2
2495,5419,1
2495,5567,1
2495,5574,1
2495,6014,1
2495,6655,1
2495,6919,1
2495,6995,1
2495,7128,4
2495,7135,2
2495,7198,1
2495,7233,2
2495,7980,5
2495,8069,1
2495,8658,1
2495,9233,1
2495,9290,2
2495,9778,3
2495,10144,1
2495,10675,1
2495,11011,1
2495,11440,1
2495,11594,1
2495,11750,1
2495,11932,1
2495,11941,1
2495,11982,2
2495,12027,3
2495,12167,1
2495,12209,1
2495,12643,3
2495,13411,1
2495,13441,1
2495,13448,3
2495,13568,2
2495,13718,2
2495,14851,1
2606,2635,3
2606,2895,1
2606,2916,1
2606,2920,1
2606,3018,2
2606,3347,5
2606,3451,1
2606,3500,2
2606,3593,1
2606,4357,2
2606,5124,1
2606,5396,1
2606,5419,1
2606,6014,3
2606,6837,1
2606,7980,2
2606,8069,1
2606,9233,3
2606,9311,1
2606,9322,1
2606,9325,1
2606,10144,2
2606,10591,1
2606,10610,2
2606,10675,1
2606,11011,1
2606,11594,2
2606,12027,2
2606,12064,1
2606,12209,4
2606,12643,1
2606,12707,4
2606,12790,1
2606,13448,2
2606,13508,4
2606,13957,5
2618,2623,2
2618,3038,1
2618,3161,1
2618,3500,1
2618,3762,1
2618,7980,1
2618,8034,2
2618,8764,1
2618,8854,1
2618,9178,1
2618,9311,1
2618,11019,1
2618,11440,1
2618,11877,1
2618,12053,1
2618,13140,1
2618,13317,1
2618,13718,1
2623,2923,1
2623,3161,1
2623,3500,2
2623,3709,1
2623,3762,3
2623,6655,1
2623,7980,1
2623,8034,1
2623,8069,1
2623,8854,1
2623,9867,1
2623,10646,1
2623,11019,3
2623,11683,1
2623,11838,1
2623,12053,1
2623,12623,1
2623,13140,1
2623,13317,1
2635,2916,1
2635,2920,1
2635,3018,2
2635,3347,1
2635,3451,1
2635,3500,3
2635,3593,1
2635,4357,1
2635,4411,1
2635,4642,1
2635,4910,1
2635,5065,1
2635,5099,1
2635,5124,1
2635,5396,2
2635,5419,1
2635,5864,1
2635,6014,4
2635,6666,1
2635,7135,2
2635,7136,1
2635,7198,2
2635,7233,1
2635,7980,1
2635,8658,1
2635,8764,1
2635,9233,2
2635,9311,1
2635,9322,1
2635,9550,1
2635,10381,1
2635,10610,1
2635,10675,1
2635,11421,1
2635,11440,1
2635,11555,1
2635,11562,1
2635,12027,3
2635,12643,1
2635,12707,2
2635,13411,1
2635,13508,2
2635,13957,3
2635,13999,1
2635,14851,1
2653,2916,2
2653,2920,1
2653,2923,1
2653,3500,14
2653,3762,1
2653,4357,1
2653,4426,1
2653,4572,1
2653,4990,1
2653,5099,1
2653,5117,2
2653,5396,2
2653,5944,1
2653,6565,1
2653,6572,2
2653,6602,6
2653,6616,3
2653,6634,3
2653,6837,1
2653,7233,1
2653,7980,10
2653,8658,1
2653,9178,1
2653,9233,2
2653,9311,1
2653,9550,2
2653,10987,1
2653,11316,1
2653,11440,1
2653,11458,1
2653,11683,1
2653,11748,1
2653,12053,1
2653,12126,2
2653,12643,1
2653,13286,1
2653,13411,3
2653,13921,3
2653,13980,1
2653,13991,1
2653,14154,1
2653,14371,1
2653,14541,2
2867,2923,1
2867,3762,1
2867,8069,1
2867,12110,1
2867,12177,1
2867,13980,1
2895,2923,1
2895,3500,1
2895,3681,1
2895,4357,1
2895,4846,1
2895,5124,5
2895,5419,2
2895,6919,1
2895,7128,2
2895,7980,1
2895,9290,3
2895,9311,1
2895,9325,1
2895,9778,2
2895,10144,1
2895,11300,1
2895,11594,1
2895,11932,1
2895,12209,1
2895,12707,1
2895,13411,1
2895,13569,1
2895,13752,1
2895,13957,1
2895,14055,1
2916,2923,1
2916,3038,2
2916,3315,1
2916,3347,1
2916,3406,1
2916,3479,2
2916,3500,18
2916,3525,1
2916,3681,1
2916,4572,1
2916,4633,1
2916,4913,1
2916,5067,1
2916,5116,1
2916,5295,1
2916,5419,3
2916,5490,1
2916,5496,1
2916,5651,1
2916,6540,3
2916,6572,1
2916,6593,2
2916,6666,1
2916,6804,1
2916,6837,1
2916,6919,1
2916,7006,2
2916,7135,1
2916,7980,2
2916,8658,1
2916,8707,2
2916,9233,4
2916,9322,1
2916,9550,1
2916,10144,2
2916,11300,1
2916,11316,1
2916,11932,1
2916,12053,2
2916,12173,1
2916,12675,1
2916,13991,1
2916,14154,2
2920,3038,1
2920,3161,1
2920,3479,1
2920,3500,8
2920,3535,1
2920,3709,1
2920,4357,1
2920,4910,1
2920,4913,1
2920,5099,2
2920,5396,1
2920,5419,2
2920,5864,1
2920,5944,1
2920,6014,2
2920,6593,1
2920,6602,2
2920,6616,1
2920,7135,1
2920,8307,1
2920,8797,1
2920,9311,1
2920,9322,1
2920,9778,1
2920,10144,2
2920,11421,1
2920,11562,1
2920,11760,1
2920,12053,2
2920,12126,1
2920,12173,1
2920,12643,2
2920,13448,1
2920,13508,1
2920,13980,1
2920,14851,1
2923,3406,1
2923,3462,1
2923,3500,6
2923,3709,1
2923,3762,3
2923,4718,1
2923,5116,1
2923,5124,1
2923,5419,3
2923,5651,2
2923,6565,1
2923,6593,1
2923,6634,1
2923,7006,1
2923,7980,1
2923,8069,1
2923,8658,2
2923,9550,2
2923,11300,1
2923,11497,1
2923,11932,2
2923,11941,1
2923,12053,1
2923,12126,1
2923,13411,3
2923,14154,1
2924,3261,1
2924,3315,1
2924,3344,1
2924,3347,1
2924,3479,3
2924,3500,7
2924,3756,1
2924,3762,1
2924,3984,1
2924,4400,1
2924,4411,1
2924,4572,1
2924,5116,1
2924,5117,1
2924,5419,1
2924,5496,1
2924,6540,1
2924,6593,1
2924,6602,2
2924,6634,1
2924,7422,1
2924,7975,1
2924,7980,4
2924,8272,1
2924,8307,1
2924,8332,2
2924,8658,3
2924,10381,1
2924,10591,1
2924,10646,1
2924,12053,1
2924,12707,1
2924,12790,1
2924,13286,1
2924,13411,4
2924,13437,1
2924,13441,1
2924,13980,2
3018,3462,1
3018,3593,1
3018,3681,2
3018,4350,1
3018,4357,1
3018,4633,1
3018,4640,1
3018,5124,1
3018,5419,2
3018,5523,1
3018,5574,2
3018,6014,1
3018,7128,2
3018,7198,1
3018,7233,1
3018,7422,1
3018,7980,3
3018,8069,2
3018,9778,3
3018,10144,3
3018,10610,1
3018,10675,1
3018,11011,2
3018,11421,4
3018,11555,1
3018,11594,1
3018,11982,1
3018,12027,3
3018,12209,2
3018,13029,1
3018,13448,2
3018,13508,2
3018,13869,1
3018,13957,1
3038,3310,1
3038,3479,1
3038,3500,7
3038,3681,1
3038,3709,2
3038,3762,3
3038,3867,1
3038,3965,1
3038,3984,1
3038,4357,1
3038,4741,1
3038,4910,1
3038,4913,1
3038,5419,2
3038,5496,1
3038,5864,1
3038,5944,1
3038,6106,1
3038,6655,1
3038,6806,1
3038,6837,2
3038,6919,2
3038,7128,1
3038,7233,2
3038,7824,1
3038,7980,8
3038,8034,1
3038,8307,1
3038,8658,2
3038,8764,2
3038,8797,3
3038,9311,1
3038,9322,1
3038,9325,1
3038,9778,1
3038,9867,1
3038,10144,1
3038,10591,1
3038,11019,1
3038,11300,1
3038,11683,1
3038,11877,8
3038,12053,1
3038,12177,1
3038,12643,1
3038,13411,3
3038,13441,1
3038,13448,1
3038,13980,1
3038,14187,1
3161,3500,3
3161,3681,1
3161,3709,1
3161,3762,2
3161,4939,1
3161,5648,1
3161,7980,2
3161,8069,2
3161,8797,1
3161,8854,1
3161,9304,2
3161,9322,1
3161,10144,1
3161,10591,1
3161,10646,1
3161,10847,1
3161,10987,2
3161,11148,2
3161,11151,2
3161,11316,1
3161,11440,2
3161,11683,1
3161,12053,3
3161,12643,2
3161,13411,1
3161,13718,2
3161,13865,1
3161,14055,1
3161,14154,1
3247,3261,2
3247,3500,2
3247,4262,1
3247,4913,1
3247,5111,2
3247,5419,1
3247,5496,1
3247,6540,1
3247,6804,1
3247,7128,1
3247,7135,2
3247,7198,1
3247,7980,1
3247,8658,1
3247,10987,1
3247,11421,1
3247,12027,1
3247,12643,2
3247,12996,1
3247,13116,1
3247,13411,1
3261,3344,1
3261,3347,1
3261,3500,5
3261,3867,1
3261,4642,1
3261,5111,1
3261,5419,1
3261,5496,2
3261,5567,1
3261,6066,1
3261,6540,1
3261,6655,1
3261,7128,1
3261,7135,2
3261,7198,3
3261,7233,2
3261,7975,1
3261,7980,4
3261,8272,1
3261,9233,1
3261,9290,1
3261,9304,1
3261,10144,1
3261,10675,1
3261,11421,1
3261,11555,1
3261,11683,1
3261,11982,1
3261,12027,4
3261,12643,1
3261,12707,1
3261,12790,1
3261,13437,1
3261,13568,1
3261,13569,1
3261,13991,1
3310,3347,1
3310,3479,1
3310,4572,1
3310,6100,1
3310,6666,1
3310,7233,1
3310,7980,5
3310,9178,1
3310,9233,1
3310,10987,1
3310,12643,1
3310,12694,1
3310,13991,1
3310,14368,1
3315,3500,4
3315,5099,1
3315,5490,1
3315,5651,1
3315,5653,1
3315,6540,1
3315,6837,1
3315,7980,2
3315,8272,1
3315,8707,1
3315,9322,1
3315,12371,1
3344,3347,2
3344,3451,1
3344,3500,2
3344,5099,3
3344,5295,1
3344,5419,1
3344,5651,1
3344,5653,1
3344,6540,1
3344,6616,1
3344,6837,1
3344,7980,4
3344,8272,1
3344,8658,1
3344,8707,1
3344,9178,1
3344,9325,1
3344,10966,1
3344,11890,1
3344,12064,1
3344,12707,2
3344,13508,5
3344,13980,1
3344,13999,1
3347,3451,1
3347,3500,2
3347,3681,1
3347,3762,1
3347,4350,1
3347,4357,2
3347,4640,1
3347,4642,1
3347,4717,2
3347,4804,2
3347,5027,1
3347,5099,1
3347,5124,2
3347,5295,1
3347,5574,2
3347,5651,1
3347,5653,1
3347,6014,2
3347,6106,1
3347,6540,1
3347,6565,1
3347,6837,1
3347,7135,3
3347,7980,6
3347,8272,1
3347,8658,1
3347,9233,3
3347,9325,1
3347,9667,2
3347,9778,1
3347,10610,3
3347,10675,3
3347,11300,1
3347,11385,2
3347,11497,1
3347,11562,1
3347,11594,1
3347,11750,1
3347,11760,2
3347,12027,4
3347,12064,1
3347,12173,1
3347,12209,3
3347,12707,3
3347,12790,1
3347,13437,1
3347,13508,10
3347,13957,11
3347,14601,1
3363,3462,1
3363,3681,1
3363,4846,1
3363,4907,1
3363,6540,1
3363,6655,3
3363,6806,1
3363,6837,1
3363,7135,1
3363,7975,1
3363,7980,5
3363,8272,1
3363,8658,1
3363,9290,2
3363,9322,1
3363,9596,1
3363,10591,2
3363,10675,1
3363,11385,1
3363,11941,2
3363,12027,1
3363,12371,2
3363,12643,2
3363,13326,1
3363,13448,1
3406,3479,1
3406,3500,2
3406,3709,1
3406,4910,1
3406,4990,1
3406,5490,1
3406,6540,1
3406,7980,3
3406,9178,1
3406,9233,1
3406,9290,1
3406,9550,1
3406,11316,1
3406,11497,1
3406,12126,2
3406,13980,1
3451,3462,1
3451,3500,2
3451,3681,1
3451,3762,1
3451,4717,1
3451,4804,1
3451,5027,1
3451,5065,1
3451,5099,1
3451,6014,1
3451,6106,2
3451,7980,3
3451,8351,1
3451,8658,4
3451,9233,1
3451,10591,1
3451,10966,1
3451,12027,1
3451,12064,2
3451,12707,1
3451,13448,1
3451,13508,1
3451,14368,1
3451,14851,1
3462,3500,1
3462,3867,1
3462,3924,1
3462,4804,3
3462,4907,3
3462,5027,1
3462,5496,2
3462,5648,1
3462,6066,1
3462,6655,2
3462,6666,1
3462,6837,2
3462,6919,1
3462,7006,1
3462,7980,1
3462,8069,2
3462,8658,2
3462,9290,1
3462,9311,1
3462,9778,1
3462,9867,1
3462,11421,1
3462,11683,2
3462,11838,1
3462,11941,1
3462,13029,1
3462,13448,4
3462,13569,3
3462,13869,1
3479,3500,9
3479,3762,2
3479,4357,1
3479,4400,1
3479,4572,1
3479,5116,1
3479,5419,1
3479,5567,1
3479,5771,1
3479,6540,1
3479,6593,1
3479,6634,1
3479,7233,1
3479,7980,2
3479,8307,1
3479,8658,1
3479,9233,1
3479,9311,1
3479,9322,2
3479,11385,1
3479,12053,2
3479,13411,1
3479,14154,1
3479,14851,1
3500,3681,3
3500,3709,4
3500,3756,5
3500,3762,22
3500,3823,2
3500,3892,2
3500,3984,6
3500,4165,2
3500,4350,3
3500,4357,6
3500,4378,2
3500,4411,1
3500,4426,1
3500,4572,5
3500,4633,2
3500,4640,1
3500,4642,2
3500,4696,2
3500,4741,1
3500,4846,1
3500,4910,3
3500,4913,3
3500,4990,2
3500,5065,1
3500,5099,5
3500,5111,4
3500,5116,5
3500,5117,7
3500,5124,1
3500,5295,1
3500,5396,3
3500,5419,13
3500,5496,4
3500,5523,1
3500,5648,1
3500,5651,4
3500,5653,2
3500,5669,2
3500,5864,1
3500,5944,1
3500,6014,1
3500,6100,1
3500,6106,3
3500,6540,11
3500,6565,4
3500,6572,2
3500,6593,3
3500,6602,9
3500,6616,3
3500,6634,8
3500,6655,4
3500,6806,2
3500,6837,2
3500,7006,1
3500,7128,10
3500,7135,5
3500,7136,3
3500,7198,4
3500,7233,6
3500,7422,1
3500,7824,1
3500,7929,6
3500,7975,3
3500,7980,86
3500,8034,3
3500,8069,7
3500,8272,2
3500,8307,4
3500,8443,1
3500,8658,15
3500,8707,3
3500,8764,1
3500,8797,2
3500,8854,3
3500,9178,6
3500,9233,11
3500,9290,6
3500,9304,8
3500,9311,14
3500,9322,8
3500,9325,4
3500,9412,1
3500,9550,15
3500,9667,2
3500,9778,8
3500,9867,1
3500,10077,2
3500,10144,6
3500,10591,19
3500,10610,1
3500,10648,2
3500,10804,1
3500,10847,3
3500,10966,1
3500,10987,8
3500,11019,3
3500,11148,1
3500,11151,4
3500,11300,7
3500,11316,5
3500,11385,2
3500,11421,1
3500,11440,1
3500,11458,4
3500,11497,1
3500,11562,1
3500,11594,1
3500,11683,4
3500,11748,2
3500,11760,1
3500,11877,3
3500,11932,2
3500,11977,1
3500,11982,5
3500,12027,6
3500,12053,17
3500,12064,2
3500,12126,3
3500,12173,4
3500,12177,4
3500,12209,1
3500,12371,2
3500,12643,11
3500,12675,1
3500,12694,1
3500,12707,1
3500,12771,2
3500,12790,1
3500,13029,1
3500,13116,1
3500,13140,1
3500,13258,1
3500,13286,1
3500,13317,1
3500,13326,1
3500,13411,20
3500,13441,1
3500,13448,6
3500,13508,6
3500,13568,2
3500,13718,2
3500,13752,1
3500,13809,1
3500,13865,1
3500,13921,2
3500,13957,1
3500,13980,13
3500,13991,2
3500,13999,2
3500,14055,2
3500,14154,6
3500,14187,1
3500,14368,7
3500,14541,1
3500,14851,1
3525,3762,1
3525,4913,1
3525,5099,1
3525,5124,1
3525,7135,1
3525,7980,1
3525,8658,1
3525,9322,1
3525,10008,1
3525,11300,1
3525,11998,1
3535,3593,1
3535,4350,1
3535,4357,1
3535,5567,1
3535,5771,2
3535,8069,1
3535,9233,1
3535,9778,1
3535,11011,2
3535,11594,2
3535,11982,1
3535,12790,2
3535,13448,2
3535,14851,1
3593,3914,1
3593,4350,1
3593,4357,3
3593,4640,1
3593,5419,2
3593,7128,3
3593,8069,1
3593,9778,2
3593,11011,3
3593,11421,1
3593,11594,2
3593,11792,1
3593,11982,1
3593,12209,2
3593,12371,1
3593,12707,1
3593,13116,2
3593,13508,3
3593,13752,1
3593,14081,1
3681,3762,1
3681,3914,1
3681,3965,1
3681,4165,1
3681,4262,1
3681,4378,2
3681,4411,1
3681,4633,5
3681,4642,2
3681,4696,2
3681,4718,1
3681,4804,3
3681,4846,2
3681,4939,1
3681,4990,1
3681,5027,2
3681,5065,1
3681,5067,1
3681,5124,2
3681,5295,2
3681,5419,7
3681,5496,1
3681,5574,1
3681,5648,4
3681,5669,3
3681,5864,1
3681,6014,1
3681,6106,1
3681,6413,2
3681,6540,3
3681,6655,2
3681,6666,3
3681,6806,4
3681,6837,4
3681,6919,2
3681,6995,1
3681,7006,2
3681,7128,6
3681,7135,2
3681,7136,1
3681,7198,1
3681,7233,2
3681,7422,1
3681,7975,2
3681,7980,12
3681,8069,7
3681,8272,1
3681,8351,2
3681,8432,1
3681,8443,2
3681,8658,13
3681,8707,3
3681,9233,2
3681,9290,5
3681,9304,1
3681,9311,1
3681,9325,1
3681,9667,2
3681,9778,9
3681,10008,2
3681,10144,9
3681,10591,6
3681,10648,1
3681,10804,1
3681,10847,1
3681,10987,2
3681,11300,1
3681,11385,1
3681,11421,2
3681,11440,2
3681,11497,1
3681,11594,2
3681,11750,1
3681,11838,2
3681,11877,1
3681,11890,1
3681,11932,1
3681,11941,3
3681,12027,3
3681,12064,3
3681,12173,1
3681,12371,5
3681,12643,7
3681,12996,2
3681,13140,3
3681,13258,1
3681,13286,1
3681,13326,1
3681,13411,7
3681,13448,3
3681,13568,1
3681,13569,1
3681,13752,1
3681,13865,1
3681,13921,1
3681,14055,1
3681,14541,4
3681,14601,1
3709,3762,2
3709,4846,1
3709,5117,1
3709,7128,1
3709,7233,1
3709,7980,1
3709,8069,2
3709,8307,1
3709,8658,1
3709,9550,1
3709,10646,1
3709,10648,1
3709,11497,1
3709,11982,1
3709,12027,1
3709,12126,1
3709,13865,1
3756,3762,1
3756,3984,1
3756,5027,1
3756,6100,1
3756,6634,1
3756,7233,1
3756,7980,2
3756,9550,1
3756,10646,1
3756,10804,1
3756,11683,1
3756,11977,4
3756,12053,2
3756,12643,3
3756,13411,1
3756,13441,1
3756,13869,1
3756,14154,1
3756,14368,6
3762,3892,1
3762,3984,2
3762,4426,1
3762,4693,1
3762,4741,2
3762,4939,1
3762,5065,2
3762,5099,1
3762,5111,1
3762,5116,2
3762,5117,2
3762,5419,1
3762,5496,2
3762,5669,1
3762,6106,2
3762,6413,1
3762,6634,2
3762,6655,1
3762,7128,1
3762,7135,2
3762,7980,17
3762,8034,3
3762,8069,4
3762,8307,1
3762,8658,4
3762,8707,1
3762,8854,6
3762,9178,1
3762,9233,1
3762,9290,1
3762,9304,1
3762,9311,1
3762,9322,2
3762,9867,2
3762,10008,2
3762,10381,1
3762,10591,3
3762,10610,1
3762,10646,3
3762,10648,2
3762,10847,3
3762,10987,2
3762,11148,3
3762,11151,1
3762,11300,1
3762,11385,2
3762,11440,2
3762,11562,1
3762,11683,2
3762,11877,2
3762,11977,1
3762,11998,1
3762,12053,3
3762,12623,1
3762,13286,2
3762,13317,3
3762,13411,7
3762,13448,1
3762,13508,1
3762,13718,3
3762,13752,1
3762,13869,1
3762,14187,1
3762,14368,3
3823,5669,1
3823,7006,2
3823,7980,1
3823,9778,4
3823,10008,1
3823,10987,1
3823,11998,1
3823,12064,1
3823,12675,1
3867,3914,1
3867,4357,1
3867,4426,5
3867,4804,1
3867,5496,1
3867,6066,2
3867,6655,1
3867,6666,3
3867,6837,1
3867,7975,1
3867,7980,1
3867,8332,1
3867,8658,1
3867,8797,1
3867,9867,1
3867,10675,1
3867,10987,1
3867,12053,1
3867,12167,1
3867,13569,2
3867,14081,1
3867,14187,1
3892,4939,1
3892,5496,1
3892,7980,1
3892,8069,1
3892,10077,1
3892,10381,1
3892,10847,1
3892,11316,1
3892,13411,1
3892,14368,1
3914,4426,1
3914,4642,1
3914,4804,1
3914,5124,1
3914,5419,1
3914,6066,1
3914,6655,1
3914,6804,1
3914,6806,5
3914,6995,2
3914,7128,2
3914,7135,2
3914,7136,2
3914,7422,1
3914,7929,1
3914,7980,2
3914,8069,1
3914,8432,1
3914,9322,1
3914,9778,3
3914,10675,1
3914,11300,1
3914,11421,2
3914,12167,1
3914,12371,4
3914,12790,1
3914,13116,1
3914,13326,2
3914,13411,2
3914,13448,1
3914,13752,2
3914,14055,1
3914,14541,1
3914,14601,1
3924,4718,1
3924,4804,1
3924,5496,2
3924,6540,1
3924,6806,1
3924,6837,1
3924,7135,1
3924,7975,1
3924,7980,1
3924,8069,1
3924,8432,1
3924,10144,1
3924,11555,1
3924,12371,1
3924,13326,1
3924,13569,1
3924,14541,1
3965,4165,1
3965,4693,1
3965,4913,1
3965,5067,1
3965,5419,2
3965,6540,1
3965,6837,1
3965,6919,1
3965,7980,3
3965,8069,1
3965,8658,1
3965,8707,1
3965,9233,1
3965,9778,2
3965,11562,1
3965,12167,1
3965,12173,1
3965,12177,1
3965,12643,1
3984,5117,1
3984,5496,1
3984,6100,1
3984,6540,2
3984,6634,2
3984,7980,5
3984,8069,1
3984,8658,1
3984,8707,1
3984,8797,1
3984,9178,1
3984,9322,1
3984,10077,1
3984,10381,1
3984,10591,2
3984,10646,2
3984,10804,1
3984,11019,2
3984,11300,1
3984,11440,1
3984,11683,1
3984,12053,2
3984,13317,1
3984,13411,1
3984,14187,3
3984,14368,2
4165,5669,1
4165,5861,2
4165,5864,1
4165,6106,1
4165,6540,2
4165,7980,3
4165,8707,1
4165,9311,1
4165,9325,1
4165,9778,2
4165,10144,1
4165,10591,1
4165,11421,1
4165,12643,1
4262,4400,1
4262,4411,1
4262,4717,1
4262,4913,1
4262,5295,1
4262,5419,1
4262,6540,1
4262,7980,3
4262,8658,1
4262,9325,1
4262,9778,4
4262,10077,1
4262,10966,1
4262,12371,1
4262,12643,1
4262,12996,2
4262,13116,1
4262,13411,1
4262,13448,2
4262,14601,1
4350,4357,2
4350,4572,1
4350,4640,2
4350,4642,1
4350,5124,1
4350,6804,1
4350,7128,3
4350,7233,1
4350,7980,2
4350,8658,1
4350,9195,1
4350,9778,1
4350,11458,1
4350,11594,3
4350,11982,1
4350,12027,3
4350,12209,1
4350,13508,1
4350,13809,1
4350,13957,1
4350,14851,1
4357,4411,1
4357,4640,2
4357,4642,1
4357,5117,1
4357,5124,3
4357,5396,1
4357,5419,5
4357,6014,1
4357,6100,1
4357,6106,1
4357,6602,1
4357,7128,7
4357,7135,4
4357,7233,7
4357,7824,1
4357,7980,8
4357,8069,3
4357,8351,1
4357,8432,2
4357,9290,2
4357,9304,1
4357,9311,1
4357,9322,1
4357,9778,3
4357,10591,1
4357,10675,1
4357,11011,1
4357,11300,1
4357,11562,1
4357,11594,3
4357,11982,1
4357,12027,2
4357,12167,1
4357,12173,1
4357,12209,5
4357,12371,1
4357,12643,1
4357,12790,1
4357,13116,1
4357,13411,1
4357,13437,1
4357,13508,2
4357,13568,1
4357,13752,2
4357,13957,3
4357,14541,1
4357,14851,1
4378,4572,1
4378,4633,1
4378,4718,1
4378,4804,2
4378,5419,2
4378,5496,1
4378,6806,1
4378,6919,1
4378,7422,3
4378,7980,2
4378,8432,1
4378,8658,3
4378,9178,1
4378,9304,1
4378,9550,1
4378,9778,2
4378,10077,1
4378,10675,4
4378,10987,2
4378,11385,1
4378,11748,1
4378,11838,1
4378,11941,1
4378,12027,3
4378,12371,1
4378,12643,1
4378,13411,1
4378,13437,1
4378,13441,1
4378,13569,2
4378,13869,1
4378,13921,1
4378,13957,1
4378,14368,1
4378,14541,2
4400,4572,4
4400,4717,1
4400,5116,1
4400,5419,1
4400,5574,1
4400,5771,1
4400,6413,1
4400,6540,1
4400,8658,1
4400,9290,1
4400,9304,1
4400,9778,1
4400,11440,1
4400,13569,1
4411,6593,1
4411,7006,1
4411,7128,2
4411,7233,1
4411,7975,1
4411,7980,1
4411,8307,1
4411,8332,1
4411,8658,1
4411,9290,1
4411,9311,1
4411,9778,2
4411,10610,1
4411,11562,1
4411,11932,1
4411,11998,1
4411,12027,1
4411,13029,1
4411,13411,2
4411,13448,1
4411,13957,1
4426,4804,1
4426,5419,1
4426,6066,3
4426,6106,1
4426,6655,1
4426,6666,2
4426,7980,1
4426,8332,1
4426,10675,2
4426,10987,1
4426,11440,1
4426,12027,1
4426,12167,1
4426,13411,2
4426,13569,1
4426,14081,1
4426,14187,1
4426,14368,2
4426,14371,1
4572,5116,1
4572,5117,1
4572,6413,1
4572,6540,1
4572,6565,1
4572,6837,1
4572,7980,1
4572,8707,1
4572,9178,1
4572,9233,1
4572,9325,1
4572,9550,1
4572,12027,1
4572,12177,1
4572,12694,1
4589,5648,1
4589,7824,1
4589,7980,1
4589,8707,1
4589,11385,2
4589,11998,1
4589,12027,1
4589,12643,2
4589,12675,1
4589,12694,1
4589,12707,2
4589,13448,1
4589,13569,1
4633,5067,1
4633,5419,4
4633,5669,1
4633,6066,1
4633,6540,1
4633,6806,1
4633,6919,1
4633,6995,1
4633,7128,1
4633,7135,1
4633,7198,1
4633,7422,1
4633,7980,5
4633,8069,3
4633,8658,3
4633,8707,1
4633,9290,1
4633,9304,1
4633,9325,2
4633,9778,5
4633,10008,1
4633,10077,2
4633,10144,5
4633,10591,1
4633,10987,1
4633,11421,1
4633,11440,1
4633,11562,1
4633,12027,1
4633,12173,1
4633,13326,2
4633,13411,2
4633,13448,2
4633,13568,1
4633,14187,1
4640,4642,4
4640,4907,1
4640,4913,1
4640,5116,1
4640,5124,1
4640,6014,1
4640,7128,1
4640,7135,1
4640,7980,2
4640,9778,1
4640,10591,1
4640,11594,2
4640,11792,1
4640,11982,1
4640,12027,1
4640,12209,2
4640,13411,2
4640,13508,2
4640,13957,1
4640,14851,1
4642,5116,1
4642,5124,1
4642,5496,1
4642,6014,1
4642,6995,1
4642,7006,1
4642,7128,1
4642,7135,1
4642,7980,3
4642,8069,2
4642,8658,1
4642,9233,1
4642,9778,3
4642,10144,3
4642,11594,2
4642,11792,2
4642,12027,2
4642,12209,1
4642,12371,1
4642,12643,1
4642,12790,2
4642,13326,2
4642,13411,2
4642,13448,1
4642,13569,1
4642,13957,2
4642,14851,1
4693,4741,1
4693,5111,1
4693,5116,2
4693,5419,1
4693,7980,1
4693,8069,1
4693,8658,4
4693,8707,1
4693,9178,1
4693,9233,1
4693,9290,2
4693,10008,1
4693,10591,1
4693,11385,1
4693,11555,1
4693,12371,1
4693,12707,1
4693,13437,1
4693,13448,1
4693,13569,1
4696,4913,1
4696,6540,1
4696,7135,1
4696,7198,1
4696,7980,2
4696,8764,1
4696,9233,3
4696,9304,1
4696,9325,1
4696,10591,1
4696,12064,1
4696,13568,1
4696,13980,2
4717,5111,2
4717,5648,1
4717,6565,1
4717,7135,1
4717,7980,2
4717,8658,1
4717,9778,1
4717,10610,1
4717,11440,1
4717,11760,1
4717,12027,1
4717,13411,1
4717,13508,1
4717,13957,1
4718,5419,1
4718,6837,1
4718,7006,1
4718,7422,1
4718,8069,2
4718,8432,1
4718,8658,2
4718,10144,1
4718,10804,1
4718,10987,1
4718,11300,1
4718,11941,1
4718,11982,1
4718,12027,1
4718,12173,1
4718,12371,1
4718,13326,1
4718,13437,1
4718,13448,1
4718,13569,1
4718,13869,1
4718,14541,1
4741,5111,1
4741,5116,1
4741,7980,1
4741,8707,1
4741,9304,1
4741,9867,1
4741,10008,1
4741,10646,1
4741,11562,1
4741,11877,1
4741,11977,1
4741,12623,1
4741,13140,1
4804,4907,2
4804,4910,1
4804,5027,2
4804,5419,1
4804,5496,1
4804,6066,3
4804,6106,1
4804,6655,1
4804,7975,2
4804,7980,4
4804,8272,2
4804,8658,1
4804,9596,1
4804,9778,1
4804,10591,1
4804,10675,2
4804,11838,2
4804,12027,1
4804,12167,2
4804,12173,1
4804,12643,1
4804,12707,1
4804,13029,1
4804,13441,1
4804,13448,1
4804,13508,1
4804,13569,4
4804,14081,2
4846,5496,2
4846,5523,1
4846,6100,1
4846,6655,1
4846,6806,2
4846,6837,1
4846,6919,1
4846,7128,3
4846,7135,1
4846,7233,1
4846,7422,1
4846,8069,3
4846,8658,1
4846,9311,1
4846,9412,1
4846,9596,1
4846,9778,2
4846,10144,1
4846,11748,1
4846,11792,1
4846,11982,1
4846,12064,1
4846,12371,2
4846,12643,1
4846,12707,1
4846,12790,1
4846,13326,1
4846,13568,2
4846,13569,1
4846,13752,2
4846,13865,1
4846,14055,1
4907,5027,1
4907,5419,2
4907,5496,1
4907,6066,2
4907,6655,2
4907,6837,1
4907,7975,1
4907,7980,5
4907,8272,1
4907,8658,2
4907,8707,1
4907,9325,1
4907,9412,1
4907,10675,1
4907,11760,1
4907,12064,1
4907,13437,1
4907,13448,2
4907,14081,1
4910,4990,1
4910,5111,1
4910,5496,1
4910,6540,1
4910,6655,1
4910,7980,2
4910,8707,1
4910,9290,1
4910,9325,2
4910,9412,1
4910,10591,1
4910,11421,1
4910,11458,1
4910,11683,1
4910,12643,1
4910,13441,1
4910,13508,1
4910,13957,1
4910,13980,1
4910,13999,1
4913,5027,1
4913,5111,2
4913,5419,1
4913,5669,1
4913,6100,1
4913,6655,1
4913,6806,1
4913,7198,1
4913,7980,4
4913,8034,1
4913,8658,2
4913,9178,1
4913,10144,1
4913,10591,1
4913,11760,1
4913,12027,1
4913,12064,1
4913,12643,1
4913,13411,1
4913,13448,3
4939,4990,1
4939,6540,1
4939,6565,1
4939,6593,1
4939,6634,1
4939,7980,2
4939,8658,1
4939,9178,1
4939,10077,1
4939,10591,1
4939,10610,1
4939,10804,1
4939,10847,3
4939,13411,1
4939,14371,1
4990,5111,2
4990,5419,1
4990,6540,2
4990,6602,1
4990,6655,1
4990,7135,1
4990,7980,2
4990,10077,1
4990,10144,1
4990,11497,1
4990,12643,1
4990,13411,2
5027,5116,1
5027,5419,1
5027,6106,1
5027,6655,1
5027,7975,1
5027,7980,3
5027,8707,1
5027,9325,1
5027,10675,1
5027,11760,1
5027,12643,2
5027,13448,2
5027,13569,1
5065,5864,1
5065,6540,1
5065,7135,1
5065,7975,1
5065,7980,3
5065,8764,1
5065,11168,1
5065,11932,1
5065,12771,1
5067,5099,1
5067,5117,1
5067,5419,1
5067,6806,1
5067,7929,1
5067,8069,1
5067,8707,1
5067,9325,2
5067,12027,1
5099,5111,2
5099,5116,1
5099,5117,3
5099,5419,3
5099,6540,1
5099,6572,2
5099,6593,1
5099,6602,2
5099,6616,2
5099,6837,1
5099,7980,2
5099,8658,1
5099,8707,1
5099,8764,1
5099,9233,2
5099,9290,3
5099,9311,1
5099,9322,1
5099,9550,4
5099,9778,1
5099,10610,1
5099,11300,5
5099,11385,1
5099,11458,1
5099,11497,1
5099,12064,1
5099,12173,3
5099,12643,2
5099,12707,1
5099,13411,1
5099,13508,11
5099,13957,1
5099,13980,2
5099,13991,2
5099,13999,1
5099,14601,2
5111,5116,3
5111,5419,1
5111,6066,1
5111,6540,1
5111,7128,1
5111,7198,1
5111,7980,6
5111,8658,1
5111,8707,1
5111,9233,1
5111,9322,1
5111,9778,1
5111,10008,1
5111,11300,2
5111,11385,1
5111,11497,2
5111,11683,1
5111,12027,2
5111,12053,1
5111,12064,1
5111,13448,1
5111,13980,1
5116,5419,2
5116,5651,1
5116,6066,1
5116,6413,1
5116,6540,2
5116,6565,1
5116,6666,1
5116,7136,1
5116,7198,1
5116,7980,10
5116,8658,2
5116,8707,2
5116,8797,1
5116,9233,1
5116,9322,1
5116,9778,2
5116,10008,1
5116,10591,1
5116,10610,1
5116,11300,1
5116,11385,1
5116,11458,1
5116,11497,1
5116,12643,1
5116,12675,2
5116,13286,1
5116,13411,1
5116,13437,1
5116,13448,1
5116,13980,1
5116,14368,1
5117,5419,1
5117,5496,1
5117,6014,1
5117,6540,1
5117,6565,1
5117,6602,1
5117,6837,1
5117,7128,1
5117,7422,1
5117,7980,6
5117,8034,1
5117,8332,1
5117,8658,1
5117,8707,2
5117,8764,1
5117,8854,1
5117,9233,1
5117,9290,2
5117,9311,1
5117,9322,1
5117,9325,2
5117,10144,1
5117,10591,3
5117,10610,1
5117,10646,2
5117,10847,1
5117,11148,3
5117,11300,4
5117,11683,2
5117,12027,1
5117,12053,2
5117,12173,1
5117,12643,2
5117,13029,1
5117,13286,1
5117,13317,1
5117,13411,2
5117,13437,1
5117,13508,2
5117,13569,1
5117,13921,1
5117,14187,1
5117,14541,1
5117,14601,1
5124,5419,3
5124,5651,1
5124,5861,1
5124,6806,1
5124,6837,1
5124,7128,4
5124,7198,1
5124,7233,1
5124,7980,6
5124,8069,1
5124,8432,1
5124,8658,1
5124,9233,3
5124,9290,2
5124,9304,1
5124,9311,1
5124,9412,1
5124,9778,4
5124,10675,3
5124,11300,1
5124,11421,1
5124,11440,1
5124,11594,1
5124,11932,2
5124,11982,1
5124,12027,2
5124,12209,3
5124,12694,1
5124,12790,1
5124,13411,2
5124,13437,1
5124,13508,1
5124,13752,1
5124,13957,2
5295,5419,1
5295,6565,1
5295,6666,1
5295,7980,2
5295,8658,1
5295,9311,1
5295,9325,2
5295,9778,1
5295,10144,1
5295,10381,1
5295,10591,2
5295,11440,1
5295,11890,1
5295,12996,1
5295,13508,1
5295,14154,1
5396,6014,2
5396,7135,1
5396,7233,1
5396,7929,1
5396,7980,1
5396,8658,1
5396,9304,1
5396,9322,1
5396,9550,1
5396,10966,1
5396,13411,1
5419,5490,2
5419,5496,1
5419,5574,2
5419,5648,1
5419,5651,1
5419,5771,1
5419,5864,1
5419,6066,1
5419,6106,1
5419,6540,1
5419,6565,1
5419,6593,1
5419,6602,2
5419,6666,1
5419,6804,1
5419,6806,5
5419,6837,6
5419,6995,2
5419,7006,3
5419,7128,13
5419,7135,3
5419,7198,1
5419,7233,3
5419,7422,1
5419,7824,1
5419,7980,9
5419,8069,7
5419,8432,1
5419,8443,1
5419,8658,10
5419,8707,2
5419,8797,1
5419,9178,2
5419,9233,5
5419,9290,3
5419,9311,1
5419,9322,1
5419,9325,2
5419,9412,1
5419,9778,6
5419,10077,1
5419,10144,4
5419,10381,2
5419,10591,3
5419,10675,2
5419,10987,1
5419,11385,2
5419,11421,2
5419,11440,2
5419,11497,1
5419,11748,1
5419,11750,1
5419,11932,2
5419,11941,1
5419,11982,1
5419,11998,1
5419,12027,7
5419,12053,1
5419,12064,1
5419,12209,1
5419,12371,2
5419,12643,3
5419,12694,1
5419,12707,2
5419,12790,1
5419,12996,1
5419,13029,1
5419,13116,1
5419,13326,1
5419,13411,7
5419,13437,2
5419,13441,1
5419,13448,1
5419,13508,3
5419,13568,2
5419,13569,2
5419,13752,5
5419,13869,1
5419,13980,1
5419,14081,1
5419,14154,1
5419,14601,1
5490,5523,1
5490,6565,1
5490,6837,1
5490,9233,2
5490,9290,1
5490,9322,1
5490,9325,1
5490,10077,1
5490,10610,1
5490,11421,1
5490,12177,1
5490,13286,1
5490,13991,1
5490,14187,1
5496,5523,1
5496,5944,1
5496,6066,1
5496,6100,2
5496,6106,2
5496,6540,1
5496,6804,2
5496,6806,2
5496,6919,2
5496,7006,2
5496,7128,3
5496,7233,1
5496,7422,2
5496,7975,1
5496,7980,4
5496,8069,5
5496,8272,1
5496,8332,2
5496,8658,2
5496,9233,1
5496,9290,1
5496,9304,1
5496,9311,1
5496,9412,1
5496,9596,1
5496,9867,2
5496,10144,3
5496,10591,2
5496,11683,4
5496,11748,1
5496,11750,1
5496,11941,1
5496,12053,2
5496,12643,1
5496,12790,1
5496,13286,1
5496,13326,1
5496,13411,2
5496,13441,2
5496,13448,1
5496,13568,2
5496,13569,2
5496,13752,1
5496,14187,1
5496,14368,1
5523,5574,1
5523,5669,1
5523,6100,2
5523,6666,1
5523,6806,1
5523,7128,2
5523,7136,1
5523,7233,1
5523,7422,1
5523,8069,3
5523,8658,4
5523,9195,1
5523,9304,1
5523,9311,1
5523,9322,1
5523,9412,1
5523,10008,1
5523,10966,1
5523,10987,1
5523,11011,1
5523,11300,1
5523,11421,2
5523,11748,1
5523,12675,1
5523,12790,1
5523,12996,1
5523,13752,1
5523,13921,1
5567,5771,6
5567,7136,1
5567,8658,1
5567,8707,1
5567,9290,2
5567,10591,1
5567,11421,1
5567,12027,2
5567,13448,1
5567,13568,1
5574,7128,1
5574,8432,1
5574,8707,1
5574,8764,1
5574,9290,1
5574,10591,1
5574,10648,1
5574,10675,2
5574,11011,1
5574,11421,1
5574,11750,1
5574,11838,1
5574,12209,1
5574,12643,1
5574,13508,2
5574,13869,1
5574,13957,4
5648,6634,1
5648,7422,1
5648,7975,1
5648,7980,6
5648,8443,1
5648,8658,1
5648,8854,1
5648,9290,2
5648,9304,1
5648,9778,1
5648,10144,2
5648,10591,3
5648,11421,1
5648,11440,1
5648,11497,1
5648,11998,1
5648,12027,1
5648,12643,2
5648,12707,1
5648,12771,1
5648,12790,1
5648,13326,1
5648,13411,2
5648,13448,2
5648,13865,1
5651,5653,4
5651,6565,2
5651,6593,2
5651,6616,1
5651,7980,1
5651,8658,1
5651,10591,1
5651,10610,2
5651,11316,1
5651,11458,1
5651,11932,2
5651,12053,2
5651,13508,3
5651,13957,1
5653,6593,1
5653,6616,1
5653,9178,1
5653,9322,1
5653,10591,1
5653,10610,2
5653,11316,1
5653,11458,1
5653,12053,1
5653,13508,3
5653,13957,2
5653,13991,1
5653,13999,1
5669,6655,1
5669,6666,1
5669,7006,2
5669,7128,1
5669,7975,1
5669,7980,3
5669,8443,1
5669,8658,4
5669,9195,1
5669,9290,1
5669,9304,1
5669,9322,1
5669,9325,1
5669,9596,1
5669,9778,2
5669,10008,2
5669,10077,1
5669,10144,1
5669,10648,1
5669,12996,1
5669,13411,1
5669,13568,1
5669,13569,1
5669,13809,1
5669,13921,1
5669,14368,1
5771,5864,1
5771,8658,1
5771,8707,1
5771,9778,1
5771,11421,1
5771,11890,1
5771,12027,1
5771,12371,1
5771,13448,1
5861,5864,1
5861,7980,1
5861,9178,1
5861,13508,1
5864,6540,1
5864,6602,1
5864,7980,1
5864,8707,1
5864,8764,1
5864,9778,1
5864,10144,1
5864,11421,2
5864,13508,1
5944,6616,1
5944,6837,1
5944,6919,1
5944,7980,1
5944,8658,1
5944,8797,1
5944,11750,1
5944,11977,1
5944,12053,1
5944,12371,1
5944,12623,1
5944,12643,3
5944,14368,1
6014,6666,1
6014,7135,1
6014,7136,1
6014,7980,2
6014,8658,2
6014,9233,2
6014,9322,2
6014,9778,2
6014,10144,3
6014,10381,1
6014,10966,1
6014,11300,1
6014,11421,1
6014,11562,1
6014,11838,1
6014,12027,3
6014,12643,6
6014,12707,3
6014,13029,1
6014,13411,3
6014,13957,1
6014,14851,1
6066,6655,1
6066,6919,1
6066,7128,1
6066,7233,2
6066,7980,6
6066,8332,1
6066,8658,1
6066,8797,1
6066,9596,1
6066,10381,1
6066,10591,1
6066,10675,1
6066,10966,1
6066,10987,1
6066,11562,1
6066,11683,1
6066,11941,1
6066,12167,1
6066,12643,1
6066,12707,1
6066,13448,1
6066,13568,1
6066,13569,1
6066,13718,1
6066,13752,1
6066,14081,1
6066,14187,1
6100,6106,1
6100,6806,1
6100,7128,2
6100,7422,1
6100,7980,2
6100,8069,1
6100,8658,2
6100,9311,1
6100,9412,1
6100,9867,1
6100,10610,1
6100,10966,1
6100,11562,1
6100,11748,1
6100,11977,1
6100,13411,1
6100,13569,1
6100,13752,1
6106,6655,1
6106,7233,1
6106,7975,1
6106,7980,7
6106,8069,1
6106,8332,1
6106,8764,1
6106,9325,1
6106,9867,1
6106,10591,1
6106,10987,1
6106,11683,1
6106,11838,1
6106,12027,1
6106,13411,2
6106,13441,1
6106,13569,1
6106,14368,1
6413,6655,1
6413,7980,1
6413,8658,1
6413,9667,1
6413,11300,1
6413,11941,1
6413,12027,1
6413,13140,1
6413,13411,1
6413,13718,1
6413,14541,3
6540,6572,1
6540,6634,1
6540,6655,1
6540,6666,1
6540,6804,1
6540,6919,1
6540,6995,1
6540,7006,1
6540,7135,1
6540,7975,1
6540,7980,10
6540,8069,3
6540,8272,1
6540,8443,1
6540,8658,2
6540,8707,2
6540,8764,1
6540,8797,1
6540,9233,2
6540,9311,1
6540,9325,3
6540,9778,2
6540,10144,3
6540,10591,5
6540,10610,1
6540,11019,2
6540,11168,1
6540,11300,1
6540,11316,1
6540,11421,1
6540,11458,2
6540,11555,1
6540,11748,1
6540,11932,1
6540,12173,2
6540,12371,2
6540,12643,2
6540,12996,1
6540,13029,1
6540,13116,1
6540,13258,1
6540,13326,1
6540,13411,4
6540,13448,1
6540,13869,1
6540,13921,3
6540,13980,1
6540,14368,1
6540,14371,1
6565,6837,1
6565,7980,2
6565,8658,4
6565,8707,1
6565,9233,2
6565,9325,1
6565,9778,1
6565,10381,1
6565,10610,1
6565,10966,1
6565,11760,1
6565,12027,1
6565,12053,2
6565,12643,1
6565,13411,2
6565,13568,1
6572,7980,2
6572,8069,1
6572,9550,1
6572,9778,1
6572,11458,2
6572,12173,1
6572,12643,1
6572,13508,2
6572,13957,1
6572,13980,1
6593,6602,1
6593,6616,1
6593,7975,1
6593,8307,1
6593,8332,1
6593,8658,1
6593,9322,1
6593,9550,1
6593,10610,1
6593,11458,3
6593,11932,1
6593,12173,2
6593,13411,1
6593,13508,1
6593,13809,1
6593,13957,1
6593,13991,1
6602,7135,2
6602,7136,1
6602,7980,3
6602,9178,1
6602,9233,1
6602,9290,1
6602,9311,1
6602,9322,1
6602,9550,1
6602,9667,1
6602,10144,1
6602,10804,1
6602,10987,1
6602,11148,1
6602,11300,1
6602,11316,1
6602,11421,1
6602,11458,1
6602,12053,1
6602,12126,1
6602,12173,1
6602,12177,1
6602,13921,1
6602,13980,1
6602,14541,1
6616,6634,1
6616,7980,2
6616,9290,2
6616,9550,1
6616,10610,1
6616,11300,1
6616,11458,1
6616,12053,1
6616,13508,5
6616,13957,2
6616,13991,1
6616,14154,1
6616,14601,1
6634,7980,4
6634,8658,1
6634,8707,2
6634,9290,1
6634,9322,1
6634,9325,1
6634,10591,2
6634,10804,1
6634,10847,1
6634,11300,2
6634,11316,1
6634,11683,1
6634,12053,2
6634,12110,1
6634,12643,1
6634,13411,2
6634,14154,1
6634,14368,3
6655,6804,1
6655,6806,1
6655,6837,3
6655,6919,1
6655,7128,2
6655,7135,1
6655,7824,1
6655,7980,5
6655,8034,1
6655,8069,3
6655,8272,1
6655,8307,1
6655,8443,1
6655,8658,4
6655,9195,1
6655,9322,1
6655,10077,1
6655,10144,6
6655,10591,1
6655,10675,2
6655,10987,1
6655,11019,1
6655,11148,1
6655,11385,2
6655,11458,1
6655,11750,1
6655,11890,1
6655,11941,2
6655,12053,1
6655,12167,1
6655,12177,1
6655,12371,1
6655,12643,3
6655,13140,1
6655,13286,1
6655,13317,2
6655,13411,1
6655,13437,1
6655,13441,3
6655,13448,1
6655,13568,2
6655,13569,3
6655,13869,1
6655,14055,1
6655,14081,2
6655,14187,1
6655,14541,2
6655,14601,1
6666,6837,1
6666,7128,1
6666,7135,1
6666,7136,1
6666,7422,1
6666,7980,4
6666,8658,1
6666,9195,1
6666,9233,1
6666,9304,1
6666,9311,1
6666,9412,1
6666,9778,1
6666,9867,1
6666,10008,1
6666,10144,2
6666,10381,1
6666,10610,1
6666,10987,1
6666,11458,1
6666,11497,1
6666,11683,1
6666,11838,2
6666,12027,1
6666,12371,1
6666,12643,1
6666,12996,1
6666,13411,2
6666,13441,2
6666,13569,2
6666,13718,2
6666,13869,1
6666,13921,1
6666,13980,1
6666,14154,1
6804,6837,1
6804,6919,2
6804,7006,1
6804,7128,1
6804,7422,1
6804,8443,1
6804,8658,1
6804,10144,1
6804,11300,1
6804,12371,1
6804,13317,1
6804,13411,1
6804,13568,1
6804,13569,2
6804,14055,1
6806,6837,1
6806,6919,2
6806,7128,3
6806,7135,1
6806,7136,2
6806,7422,1
6806,7980,2
6806,8069,3
6806,8432,1
6806,8707,1
6806,8764,1
6806,9304,1
6806,9311,1
6806,9322,1
6806,9325,1
6806,9412,1
6806,10144,1
6806,10675,1
6806,11748,1
6806,12027,2
6806,12643,1
6806,13326,1
6806,13411,3
6806,13568,1
6806,13752,1
6806,14601,1
6837,6919,3
6837,7128,2
6837,7135,2
6837,7980,3
6837,8069,2
6837,8272,1
6837,8351,1
6837,8432,1
6837,8443,2
6837,8658,6
6837,8797,1
6837,9178,3
6837,9233,5
6837,9311,1
6837,9325,2
6837,9667,1
6837,9778,1
6837,10077,1
6837,10591,1
6837,11148,1
6837,11300,1
6837,11458,1
6837,11594,1
6837,11941,3
6837,12053,1
6837,12064,1
6837,12177,1
6837,12643,4
6837,12790,1
6837,12996,1
6837,13326,1
6837,13448,1
6837,13569,6
6837,13957,1
6837,14081,1
6837,14541,1
6837,14601,1
6919,6995,2
6919,7006,1
6919,7128,1
6919,7980,1
6919,8069,1
6919,8332,1
6919,8658,1
6919,10144,1
6919,11838,1
6919,11941,2
6919,12167,1
6919,12177,1
6919,12643,1
6919,12707,1
6919,13317,1
6919,13441,1
6919,13448,1
6919,13568,1
6919,13569,3
6919,13752,1
6919,14055,1
6995,7128,2
6995,7135,1
6995,7980,1
6995,8069,1
6995,8332,1
6995,8658,1
6995,9778,2
6995,10144,1
6995,10381,1
6995,11497,1
6995,11838,1
6995,12027,1
6995,12167,1
6995,12643,1
6995,12996,1
6995,13326,2
6995,13441,1
6995,13448,2
6995,13568,2
6995,13752,1
6995,14368,1
7006,7980,1
7006,8069,4
7006,8658,2
7006,9290,1
7006,9325,1
7006,9550,1
7006,9778,1
7006,9867,1
7006,10008,1
7006,10144,4
7006,10381,1
7006,10847,1
7006,11300,1
7006,11594,1
7006,11683,1
7006,11998,1
7006,12027,1
7006,13029,1
7006,13326,1
7006,13411,2
7006,13441,1
7006,13448,1
7006,13809,1
7006,14055,1
7128,7135,9
7128,7136,4
7128,7198,4
7128,7233,16
7128,7422,2
7128,7929,1
7128,7975,1
7128,7980,14
7128,8069,8
7128,8658,7
7128,9178,1
7128,9233,5
7128,9290,6
7128,9311,1
7128,9322,2
7128,9412,2
7128,9778,5
7128,9867,1
7128,10144,1
7128,10381,1
7128,10675,1
7128,10987,1
7128,11011,4
7128,11421,1
7128,11440,1
7128,11562,1
7128,11594,2
7128,11748,1
7128,11792,3
7128,11932,4
7128,11941,1
7128,11982,8
7128,11998,1
7128,12027,11
7128,12167,1
7128,12209,3
7128,12371,1
7128,12643,3
7128,12707,1
7128,12790,3
7128,13029,1
7128,13116,1
7128,13411,4
7128,13437,1
7128,13441,1
7128,13448,2
7128,13508,3
7128,13568,3
7128,13569,3
7128,13718,2
7128,13752,20
7128,13957,1
7128,13999,1
7128,14055,2
7135,7136,2
7135,7198,5
7135,7233,6
7135,7929,1
7135,7975,1
7135,7980,14
7135,8069,5
7135,8658,1
7135,9290,2
7135,9778,1
7135,10381,1
7135,10591,1
7135,10610,1
7135,10675,1
7135,10987,1
7135,11011,1
7135,11385,1
7135,11440,2
7135,11458,1
7135,11555,3
7135,11594,1
7135,11748,1
7135,11792,2
7135,11932,1
7135,11941,1
7135,12027,7
7135,12064,1
7135,12167,1
7135,12173,2
7135,12209,1
7135,12371,1
7135,12643,2
7135,13258,2
7135,13326,2
7135,13411,1
7135,13437,1
7135,13448,1
7135,13568,2
7135,13718,2
7135,13752,2
7135,13957,2
7136,7233,1
7136,7824,1
7136,7980,3
7136,8069,1
7136,8658,2
7136,9233,3
7136,9322,1
7136,9550,1
7136,9778,1
7136,10381,1
7136,11594,1
7136,11932,1
7136,12027,4
7136,12643,1
7136,12790,1
7136,13411,2
7136,13568,1
7136,13752,3
7136,13957,1
7198,7233,3
7198,7929,1
7198,7980,8
7198,8069,1
7198,8658,1
7198,9233,1
7198,9290,1
7198,9304,1
7198,9596,1
7198,10675,1
7198,11440,1
7198,11555,1
7198,11982,3
7198,12027,3
7198,12064,1
7198,12643,3
7198,12790,1
7198,13258,1
7198,13411,3
7198,13448,2
7198,13568,1
7233,7422,1
7233,7975,2
7233,7980,12
7233,8069,3
7233,8332,1
7233,8658,4
7233,9233,1
7233,9290,3
7233,9311,1
7233,9322,2
7233,9596,1
7233,10144,1
7233,10381,1
7233,10591,1
7233,10675,1
7233,11011,1
7233,11555,1
7233,11594,1
7233,11683,1
7233,11792,1
7233,11932,2
7233,11982,2
7233,12027,5
7233,12167,1
7233,12371,1
7233,12790,1
7233,13411,1
7233,13437,2
7233,13448,1
7233,13569,1
7233,13752,7
7233,14851,1
7422,7980,2
7422,8069,2
7422,9311,1
7422,9412,1
7422,10077,1
7422,10144,1
7422,10591,1
7422,10987,1
7422,11300,1
7422,11421,1
7422,11440,1
7422,11497,1
7422,11748,1
7422,12371,1
7422,13411,2
7422,13437,2
7422,13448,1
7422,13569,2
7422,13752,1
7422,13869,1
7422,14055,1
7422,14368,1
7824,7980,2
7824,9778,1
7824,10591,1
7824,11998,1
7824,12053,1
7929,7980,2
7929,8707,1
7929,9233,1
7929,9325,2
7929,10144,2
7929,10591,1
7929,13258,1
7929,13448,1
7975,7980,8
7975,8069,1
7975,8272,1
7975,8307,1
7975,8332,1
7975,8351,1
7975,8658,6
7975,8707,3
7975,9178,1
7975,9322,1
7975,9325,2
7975,9867,1
7975,10144,1
7975,10591,3
7975,10675,1
7975,11300,1
7975,11562,1
7975,11683,1
7975,11760,1
7975,11838,1
7975,12053,1
7975,12173,1
7975,12371,1
7975,12643,1
7975,12707,1
7975,12996,1
7975,13411,2
7975,13437,1
7975,13448,1
7975,13569,1
7975,14055,1
7975,14368,1
7980,8034,1
7980,8069,9
7980,8272,2
7980,8332,4
7980,8443,2
7980,8658,22
7980,8707,9
7980,8764,2
7980,8797,4
7980,8854,1
7980,9178,10
7980,9195,1
7980,9233,4
7980,9290,3
7980,9304,6
7980,9311,9
7980,9322,8
7980,9325,13
7980,9412,2
7980,9550,2
7980,9596,3
7980,9778,13
7980,9867,5
7980,10008,1
7980,10144,13
7980,10381,1
7980,10591,27
7980,10610,4
7980,10648,3
7980,10675,6
7980,10804,1
7980,10847,2
7980,10966,2
7980,10987,6
7980,11019,3
7980,11148,3
7980,11151,2
7980,11168,3
7980,11300,4
7980,11385,8
7980,11421,8
7980,11440,2
7980,11458,3
7980,11497,1
7980,11555,1
7980,11562,1
7980,11594,3
7980,11683,12
7980,11750,1
7980,11760,1
7980,11838,3
7980,11877,2
7980,11890,2
7980,11977,2
7980,11982,6
7980,11998,3
7980,12027,18
7980,12053,5
7980,12064,7
7980,12110,1
7980,12126,1
7980,12167,3
7980,12173,3
7980,12177,2
7980,12209,2
7980,12371,7
7980,12623,1
7980,12643,16
7980,12675,2
7980,12694,2
7980,12707,7
7980,12771,4
7980,12790,4
7980,12996,1
7980,13116,1
7980,13140,4
7980,13258,2
7980,13286,6
7980,13317,2
7980,13411,20
7980,13437,5
7980,13441,1
7980,13448,12
7980,13508,1
7980,13568,4
7980,13569,3
7980,13718,6
7980,13752,6
7980,13809,2
7980,13865,1
7980,13869,2
7980,13921,1
7980,13957,3
7980,13980,2
7980,13991,3
7980,13999,1
7980,14081,1
7980,14154,1
7980,14187,1
7980,14368,13
7980,14541,4
7980,14851,1
8034,8707,1
8034,8854,3
8034,9233,1
8034,10144,1
8034,10847,1
8034,11019,1
8034,11148,1
8034,11385,1
8034,11877,1
8034,12053,2
8034,12064,2
8034,12643,1
8034,13140,1
8034,13286,1
8034,13411,1
8034,13718,1
8034,14187,1
8069,8272,1
8069,8443,1
8069,8658,10
8069,8707,4
8069,8797,1
8069,9178,1
8069,9233,1
8069,9290,2
8069,9311,2
8069,9322,3
8069,9325,1
8069,9412,1
8069,9550,1
8069,9596,2
8069,9667,1
8069,9778,5
8069,9867,1
8069,10077,1
8069,10144,6
8069,10381,1
8069,10591,4
8069,10646,1
8069,10648,1
8069,10675,1
8069,10987,2
8069,11011,2
8069,11148,1
8069,11168,1
8069,11300,1
8069,11421,1
8069,11440,2
8069,11458,2
8069,11497,1
8069,11555,1
8069,11594,1
8069,11683,2
8069,11748,2
8069,11890,1
8069,11941,2
8069,11982,2
8069,12027,5
8069,12064,2
8069,12167,1
8069,12209,1
8069,12371,2
8069,12643,3
8069,12694,1
8069,13029,1
8069,13116,1
8069,13140,1
8069,13286,1
8069,13326,3
8069,13411,3
8069,13437,1
8069,13441,2
8069,13448,10
8069,13568,3
8069,13569,5
8069,13752,3
8069,13865,2
8069,13980,1
8069,14055,5
8069,14187,1
8069,14851,2
8272,8658,1
8272,8707,1
8272,11168,1
8272,11941,1
8272,12371,1
8272,12707,1
8272,13029,1
8272,13437,1
8272,13569,1
8272,14055,1
8272,14081,2
8307,8332,1
8307,8658,3
8307,9322,1
8307,11148,1
8307,12053,3
8307,13411,1
8332,8658,3
8332,9325,1
8332,9596,1
8332,10591,1
8332,11683,1
8332,11941,1
8332,12053,1
8332,12064,1
8332,13286,1
8332,13411,1
8332,13441,1
8332,13569,1
8332,14187,1
8332,14368,1
8351,8658,1
8351,8854,1
8351,9325,2
8351,11151,1
8351,12173,1
8351,13258,1
8351,14368,1
8432,9304,1
8432,11750,1
8432,12177,1
8432,13326,1
8432,13411,1
8432,13508,1
8432,13569,1
8432,13957,1
8432,13980,1
8432,14541,3
8432,14601,1
8443,8658,2
8443,9311,1
8443,9325,2
8443,10144,2
8443,10591,1
8443,11440,1
8443,11838,1
8443,11941,1
8443,12064,1
8443,12643,3
8443,13326,1
8443,13569,1
8443,14368,1
8658,8797,3
8658,9178,1
8658,9195,1
8658,9233,5
8658,9290,3
8658,9304,5
8658,9311,4
8658,9322,7
8658,9325,4
8658,9667,2
8658,9778,7
8658,9867,1
8658,10008,1
8658,10144,9
8658,10591,12
8658,10610,2
8658,10648,1
8658,10675,2
8658,10847,1
8658,10966,2
8658,10987,5
8658,11148,2
8658,11151,1
8658,11300,1
8658,11385,3
8658,11421,1
8658,11440,1
8658,11497,1
8658,11683,3
8658,11750,1
8658,11838,2
8658,11890,4
8658,11941,3
8658,11998,2
8658,12027,4
8658,12053,4
8658,12064,4
8658,12173,1
8658,12177,3
8658,12371,6
8658,12643,8
8658,12675,1
8658,12707,4
8658,12771,1
8658,12790,1
8658,12996,4
8658,13116,1
8658,13258,1
8658,13286,1
8658,13317,1
8658,13326,1
8658,13411,15
8658,13437,2
8658,13441,1
8658,13448,4
8658,13508,3
8658,13568,2
8658,13569,6
8658,13752,2
8658,13809,3
8658,13865,1
8658,13921,3
8658,13991,1
8658,14081,4
8658,14368,1
8658,14541,1
8658,14601,2
8707,8764,2
8707,9178,1
8707,9290,1
8707,9304,1
8707,9325,5
8707,9778,2
8707,10008,1
8707,10144,1
8707,10591,4
8707,10675,1
8707,10966,1
8707,11151,1
8707,11300,3
8707,11385,3
8707,11421,2
8707,11683,2
8707,11750,1
8707,11760,1
8707,12027,2
8707,12053,1
8707,12064,1
8707,12173,1
8707,12371,1
8707,12643,1
8707,12675,3
8707,12707,1
8707,12996,1
8707,13448,1
8707,13508,1
8707,13869,1
8707,14601,1
8764,9290,1
8764,9325,1
8764,10591,1
8764,11300,1
8764,11982,1
8764,12173,3
8764,13258,1
8764,13411,1
8764,13448,1
8764,13508,1
8764,14601,1
8797,9304,1
8797,9311,1
8797,9325,1
8797,10591,5
8797,10646,1
8797,11148,1
8797,11385,1
8797,11683,5
8797,12053,2
8797,13286,3
8797,13411,1
8797,14368,3
8854,9233,1
8854,9290,1
8854,9304,2
8854,9311,1
8854,9867,1
8854,10847,1
8854,11148,1
8854,11151,1
8854,12623,1
8854,13286,2
8854,13317,2
8854,13411,1
8854,13448,1
8854,14601,1
9178,9412,1
9178,9667,2
9178,9867,1
9178,11941,1
9178,12064,1
9178,12177,2
9178,12694,1
9178,12707,2
9178,13411,1
9178,13752,1
9178,13991,1
9178,13999,1
9178,14368,1
9178,14371,1
9195,9304,1
9195,9322,1
9195,10008,1
9195,13286,1
9195,13809,1
9195,13921,1
9233,9304,1
9233,9325,1
9233,9778,3
9233,10144,1
9233,10591,2
9233,10610,1
9233,10675,1
9233,11148,1
9233,11300,1
9233,11316,2
9233,11555,1
9233,11594,1
9233,12064,1
9233,12126,1
9233,12371,2
9233,12643,2
9233,12707,1
9233,12790,1
9233,13286,1
9233,13411,4
9233,13508,2
9233,13568,1
9233,13957,2
9233,13980,2
9233,14154,1
9233,14187,1
9290,9311,1
9290,9550,1
9290,9778,5
9290,10144,4
9290,10591,3
9290,10675,2
9290,10966,1
9290,11300,2
9290,11385,2
9290,11421,2
9290,11594,1
9290,11932,1
9290,12027,3
9290,12053,1
9290,12173,3
9290,12643,3
9290,13411,1
9290,13441,1
9290,13448,5
9290,13508,3
9290,13569,3
9290,13752,2
9290,13809,1
9290,13865,1
9290,13980,1
9290,13991,1
9290,13999,1
9290,14055,1
9290,14154,1
9290,14601,2
9304,9778,1
9304,10008,1
9304,11458,1
9304,11562,1
9304,11683,1
9304,11750,1
9304,12053,1
9304,12173,1
9304,12694,1
9304,13411,1
9304,13448,1
9304,13508,1
9304,13569,1
9304,13921,1
9304,13980,1
9311,9322,1
9311,9325,1
9311,9412,1
9311,10144,2
9311,10591,3
9311,10610,2
9311,10987,2
9311,11148,1
9311,11385,1
9311,11421,1
9311,11440,1
9311,11562,1
9311,11748,1
9311,11838,1
9311,11877,1
9311,12053,1
9311,12173,1
9311,12209,1
9311,12371,1
9311,12623,1
9311,12643,2
9311,12771,1
9311,12996,2
9311,13116,1
9311,13258,1
9311,13448,1
9311,13569,1
9311,13809,1
9311,13957,1
9311,14081,1
9322,9550,1
9322,9778,1
9322,10144,1
9322,10591,3
9322,10987,1
9322,11151,1
9322,11168,1
9322,11300,3
9322,11385,2
9322,11421,1
9322,11458,1
9322,11594,1
9322,11683,1
9322,11998,1
9322,12027,1
9322,12053,2
9322,12173,1
9322,12177,1
9322,12371,1
9322,12643,1
9322,13029,1
9322,13140,1
9322,13411,2
9322,13448,1
9322,13508,1
9322,13718,1
9322,13752,1
9322,13957,1
9322,14368,1
9322,14851,1
9325,9778,2
9325,10077,1
9325,10144,3
9325,10591,3
9325,10610,1
9325,10675,2
9325,11148,1
9325,11300,2
9325,11421,1
9325,11594,1
9325,11683,2
9325,11760,1
9325,11838,1
9325,11890,1
9325,11998,2
9325,12027,2
9325,12064,2
9325,12110,1
9325,12173,1
9325,12643,1
9325,12790,1
9325,13258,1
9325,13286,1
9325,13411,3
9325,13448,2
9325,13508,1
9325,13809,1
9325,13869,1
9325,13957,1
9325,13991,1
9325,13999,1
9325,14368,2
9412,9867,1
9412,11748,1
9412,11941,1
9412,13441,1
9412,13718,1
9550,9778,1
9550,11300,2
9550,11458,2
9550,11497,2
9550,11760,1
9550,12053,2
9550,12126,1
9550,12173,2
9550,12771,1
9550,13326,1
9550,13411,1
9550,13441,1
9550,13448,1
9550,13508,4
9550,13957,1
9550,13980,1
9550,13991,1
9550,14055,1
9550,14154,1
9550,14601,1
9596,10144,1
9596,10591,1
9596,11750,1
9596,12167,1
9596,12173,2
9596,12790,1
9596,13029,1
9596,13326,1
9596,13411,1
9596,13568,1
9667,10144,1
9667,11300,1
9667,11497,2
9667,11555,1
9667,11562,1
9667,11941,1
9667,12177,1
9667,12643,1
9667,13326,1
9667,13411,1
9667,14541,1
9778,10008,2
9778,10144,11
9778,10381,1
9778,10591,3
9778,10675,3
9778,10847,1
9778,10966,1
9778,10987,2
9778,11011,1
9778,11151,2
9778,11300,1
9778,11385,3
9778,11421,4
9778,11458,1
9778,11594,1
9778,11760,1
9778,11792,1
9778,11941,1
9778,11982,2
9778,11998,1
9778,12027,3
9778,12053,1
9778,12064,4
9778,12167,1
9778,12173,3
9778,12371,5
9778,12643,6
9778,12675,1
9778,12771,1
9778,12790,3
9778,13029,1
9778,13116,1
9778,13326,2
9778,13411,5
9778,13448,6
9778,13508,2
9778,13568,4
9778,13569,2
9778,13752,3
9778,13809,1
9778,13865,1
9778,13921,1
9778,13957,2
9778,13980,2
9778,14055,1
9778,14851,3
9867,10591,1
9867,10610,1
9867,10987,1
9867,11300,1
9867,11440,1
9867,11683,3
9867,11890,1
9867,12623,2
9867,13286,2
9867,13411,1
9867,13441,1
9867,13718,1
9867,13809,2
9867,13991,1
9867,14371,1
9867,14601,1
10008,11998,1
10008,13921,1
10077,10987,1
10077,11941,1
10077,12643,1
10077,13437,1
10077,13441,1
10077,13448,1
10077,14055,1
10077,14187,1
10077,14601,1
10144,10591,5
10144,10610,1
10144,10987,2
10144,11300,1
10144,11316,1
10144,11421,2
10144,11440,1
10144,11555,1
10144,11594,1
10144,11683,1
10144,11750,1
10144,11792,1
10144,11838,1
10144,11941,1
10144,11982,1
10144,12064,1
10144,12173,1
10144,12371,3
10144,12623,1
10144,12643,8
10144,12707,2
10144,12790,1
10144,13029,1
10144,13140,1
10144,13326,3
10144,13411,6
10144,13437,1
10144,13448,8
10144,13508,2
10144,13568,5
10144,13569,5
10144,13718,1
10144,13752,1
10144,13869,1
10144,14154,1
10144,14187,1
10144,14541,1
10381,10646,1
10381,11148,1
10381,11385,1
10381,11440,1
10381,11748,1
10381,12027,2
10381,12177,1
10381,12371,1
10381,12643,2
10381,13116,1
10381,13568,1
10381,13752,1
10381,13980,1
10591,10610,3
10591,10847,1
10591,10966,1
10591,10987,1
10591,11148,2
10591,11151,1
10591,11168,1
10591,11300,2
10591,11316,2
10591,11385,5
10591,11458,1
10591,11594,1
10591,11683,5
10591,11932,1
10591,12053,2
10591,12064,1
10591,12167,1
10591,12173,1
10591,12209,1
10591,12371,2
10591,12643,3
10591,12694,1
10591,13029,1
10591,13286,3
10591,13411,5
10591,13437,1
10591,13448,4
10591,13508,2
10591,13568,1
10591,13569,1
10591,13718,1
10591,13865,1
10591,13869,1
10591,13991,2
10591,13999,1
10591,14055,1
10591,14187,2
10591,14368,4
10610,11148,1
10610,11385,1
10610,11458,2
10610,11562,1
10610,11594,1
10610,11683,1
10610,12053,1
10610,12209,2
10610,12643,1
10610,12707,1
10610,13411,1
10610,13508,6
10610,13957,4
10610,13980,1
10610,13991,1
10610,13999,1
10646,11019,1
10646,12643,1
10646,13411,1
10646,13865,1
10646,14187,1
10646,14368,1
10648,11977,1
10648,12027,1
10648,12623,1
10648,13411,1
10648,13448,1
10648,13568,1
10648,13569,1
10648,13865,1
10648,13869,1
10648,14368,1
10675,11421,1
10675,11760,1
10675,12027,13
10675,12167,1
10675,12209,1
10675,13569,1
10675,13957,2
10675,14851,1
10804,10966,1
10804,11977,1
10804,12053,1
10804,12371,1
10804,12643,1
10804,13441,1
10804,14368,1
10847,10987,1
10847,11151,3
10847,11683,1
10847,13411,2
10847,13921,1
10966,13448,1
10987,11148,1
10987,11151,3
10987,11890,1
10987,12643,1
10987,12675,3
10987,13116,1
10987,13411,4
10987,13437,1
10987,13448,1
10987,13569,1
10987,13718,1
10987,13869,1
10987,14081,1
10987,14368,1
11011,11594,1
11011,11792,2
11011,11932,1
11011,11982,1
11011,12027,1
11011,12209,2
11011,12790,1
11011,13508,2
11011,14851,1
11019,11683,1
11019,12053,2
11019,12371,1
11019,12623,1
11019,12643,1
11019,13865,2
11019,14187,2
11148,11683,1
11148,12053,1
11148,12643,1
11148,13286,2
11148,13869,1
11148,14055,1
11148,14368,1
11151,11683,3
11151,13718,2
11168,11932,1
11168,13258,2
11168,14368,1
11300,11385,1
11300,12053,4
11300,12167,1
11300,12173,1
11300,12371,1
11300,12643,2
11300,12694,1
11300,13029,1
11300,13326,1
11300,13411,7
11300,13441,1
11300,13508,1
11300,13568,1
11300,13569,1
11300,13980,1
11300,13991,1
11300,14055,2
11300,14154,1
11300,14187,1
11300,14601,1
11316,12053,1
11316,12371,1
11316,12643,1
11316,13865,1
11316,14541,1
11385,11440,1
11385,12053,1
11385,12064,2
11385,12371,2
11385,12675,1
11385,13411,1
11385,13508,1
11385,13809,1
11385,13957,1
11385,14601,2
11421,11748,1
11421,12027,1
11421,12167,1
11421,12371,3
11421,12707,1
11421,12771,3
11421,13116,2
11421,13448,2
11421,13508,1
11421,13865,1
11421,13957,1
11421,13991,1
11440,11792,2
11440,11982,2
11440,12027,2
11440,12053,1
11440,12167,1
11440,12790,1
11440,12996,1
11440,13140,1
11440,13326,1
11440,13411,3
11440,13569,1
11440,13752,1
11440,14371,4
11458,11748,1
11458,12110,1
11458,12173,2
11458,12643,1
11458,13411,1
11458,13448,1
11458,13508,2
11458,13957,2
11458,13980,1
11497,11562,1
11497,12053,1
11497,12126,1
11497,13411,2
11555,12027,2
11555,13326,3
11562,12643,1
11562,13448,1
11562,13752,1
11562,13957,1
11562,14368,1
11594,11792,1
11594,11982,1
11594,12064,1
11594,12167,1
11594,12209,1
11594,12371,1
11594,12790,1
11594,13411,1
11594,13437,1
11594,13508,2
11594,13957,1
11594,14851,2
11683,11838,1
11683,11998,1
11683,12053,2
11683,12643,1
11683,13116,1
11683,13140,1
11683,13286,1
11683,13317,1
11683,13411,1
11683,13437,1
11683,13569,1
11683,13718,1
11683,13865,1
11683,13869,2
11683,14081,1
11683,14187,2
11683,14368,4
11748,11750,1
11748,12371,1
11748,13411,1
11748,13448,1
11750,11941,1
11750,12173,1
11750,12643,2
11750,12707,1
11750,13140,1
11750,13508,3
11750,13568,1
11750,13569,1
11750,13957,2
11750,14541,1
11760,12027,1
11760,12771,1
11760,13508,1
11760,13957,1
11760,13991,1
11792,11932,1
11792,11982,2
11792,12027,2
11792,12790,3
11792,13568,1
11792,13752,2
11792,14081,1
11792,14851,1
11838,12371,1
11838,12643,2
11838,12707,1
11838,12996,2
11838,13569,3
11838,13809,1
11838,13869,1
11838,13921,1
11838,14081,1
11877,13411,1
11890,12371,1
11890,13286,1
11890,13448,2
11890,13569,2
11890,14081,3
11932,11982,1
11932,12027,6
11932,12173,1
11932,13258,1
11932,13411,1
11932,13448,1
11932,14081,1
11932,14851,1
11941,11998,1
11941,12371,1
11941,12643,3
11941,12771,1
11941,13411,1
11941,13441,1
11941,13569,2
11941,14055,1
11941,14541,1
11941,14601,1
11977,12623,1
11977,12643,2
11977,13140,1
11977,13441,1
11977,14368,2
11982,12027,4
11982,12643,3
11982,12790,3
11982,13411,1
11982,13508,1
11982,13568,2
11982,13752,1
11982,13957,1
11998,12027,1
11998,12694,1
11998,12707,1
11998,12771,1
11998,13869,1
12027,12173,1
12027,12209,3
12027,12643,3
12027,12790,2
12027,13448,1
12027,13508,1
12027,13568,1
12027,13569,1
12027,13752,4
12027,13957,4
12027,14851,2
12053,12064,1
12053,12623,1
12053,12643,2
12053,13286,1
12053,13411,7
12053,13441,1
12053,13568,1
12053,13980,1
12053,14154,2
12053,14368,1
12064,12694,1
12064,12707,1
12064,12790,2
12064,13437,1
12064,13448,2
12064,13809,1
12064,13869,1
12064,13957,1
12126,13980,1
12126,14154,1
12167,12173,2
12167,12371,2
12167,12694,1
12167,13029,2
12167,13411,1
12167,13437,1
12167,13441,1
12167,13448,1
12167,13568,1
12167,14371,1
12173,13029,1
12173,13258,1
12173,13508,3
12173,13957,1
12173,14601,1
12177,13991,1
12209,13116,1
12209,13437,1
12209,13508,4
12209,13752,1
12209,13957,4
12371,13116,1
12371,13411,4
12371,13437,1
12371,13448,1
12371,13921,1
12371,14055,1
12371,14368,1
12371,14541,2
12371,14601,1
12623,12643,2
12623,13317,1
12623,13865,1
12623,14081,1
12623,14368,1
12643,12707,5
12643,12996,1
12643,13029,1
12643,13140,1
12643,13411,6
12643,13441,3
12643,13448,4
12643,13508,2
12643,13568,3
12643,13569,2
12643,13718,1
12643,13809,1
12643,13865,1
12643,13957,2
12643,13980,1
12643,14055,1
12643,14187,1
12643,14368,5
12643,14371,1
12643,14601,2
12675,12771,2
12675,13116,1
12694,12771,1
12694,13411,1
12694,13448,1
12694,13569,1
12707,12771,1
12707,13448,1
12707,13508,1
12707,13569,2
12707,13752,1
12707,13991,1
12707,14055,1
12707,14541,1
12771,13116,1
12771,13991,1
12790,13411,1
12790,13568,1
12790,13569,1
12790,13752,2
12790,13957,1
13029,13411,1
13029,13437,1
13029,13448,1
13029,13569,1
13029,13869,1
13029,13921,1
13116,13752,1
13116,14371,1
13140,13568,1
13140,13718,1
13140,14541,3
13286,13411,2
13286,13437,1
13286,13441,1
13286,14187,1
13286,14368,4
13286,14601,1
13326,13441,1
13326,13448,1
13326,13568,1
13326,13569,1
13326,14055,1
13326,14541,1
13411,13441,1
13411,13448,1
13411,13568,2
13411,13569,1
13411,13752,1
13411,13809,1
13411,13921,1
13411,13980,2
13411,14055,3
13411,14154,1
13411,14368,4
13411,14371,1
13411,14541,1
13411,14601,1
13437,13508,1
13437,13569,2
13437,13869,1
13441,13448,1
13441,13568,1
13441,13569,1
13441,13718,1
13441,14055,2
13441,14368,1
13441,14601,1
13448,13508,1
13448,13568,3
13448,13569,2
13448,13809,1
13448,13865,1
13448,13999,1
13448,14081,2
13448,14541,1
13448,14601,1
13448,14851,1
13508,13957,12
13508,13980,3
13508,13991,2
13508,13999,5
13508,14601,3
13568,13569,1
13568,13752,2
13568,13809,1
13568,14368,1
13568,14541,1
13569,13752,2
13569,13869,1
13569,14055,3
13569,14081,1
13569,14368,2
13569,14541,2
13718,14368,1
13718,14541,1
13752,14055,2
13809,14154,1
13865,14154,1
13865,14187,2
13865,14601,1
13869,14368,1
13921,13991,1
13921,14541,1
13957,13999,3
13957,14601,1
13980,14851,1
13991,13999,2
13991,14601,1
14055,14601,1
14081,14187,1
14081,14851,1
14368,14601,1
