"AverageShortestPathLength","BetweennessCentrality","ClosenessCentrality","cluster","ClusteringCoefficient","Degree","Eccentricity","IsSingleNode","label","name","NeighborhoodConnectivity","NumberOfDirectedEdges","NumberOfUndirectedEdges","PartnerOfMultiEdgedNodePairs","Radiality","score<Avg. citations>","score<Avg. norm. citations>","score<Avg. pub. year>","selected","SelfLoops","shared name","Stress","TopologicalCoefficient","weight<Links>","weight<Occurrences>","weight<Total link strength>","x","y"
"1.975438596491228","2.7665030618145034E-4","0.5062166962699822","2","0.35789473684210527","20","3","false","fusion","5490","62.8","0","20","0","0.9964400051222947","7.4","8.4795","2022.9","false","0","5490","244","0.23088235294117648","20","10","22","-0.5189","-0.5496"
"2.2140350877192985","1.0643573310758269E-4","0.4516640253565768","2","0.21428571428571427","8","3","false","contrastive learning","2867","50.875","0","8","0","0.9955692150083237","0.0667","0.1431","2022.8667","false","0","2867","70","0.23604651162790696","8","15","8","-0.5612","-0.7156"
"1.975438596491228","1.172078643646656E-4","0.5062166962699822","5","0.5047619047619047","15","3","false","empirical study","4589","78.86666666666666","0","15","0","0.9964400051222947","0.6364","0.7292","2022.8182","false","0","4589","104","0.28471720818291213","15","11","18","0.5892","-0.4481"
"1.9684210526315788","5.5661145792427726E-5","0.5080213903743316","6","0.5909090909090909","12","3","false","random forest","11168","92.08333333333333","0","12","0","0.9964656165962351","0.1818","0.1723","2022.6364","false","0","11168","60","0.3265366430260047","12","11","16","0.6484","-0.6042"
"1.7824561403508772","0.002654277618608648","0.5610236220472441","2","0.39632936507936506","64","3","false","training","13957","67.609375","0","64","0","0.9971443206556538","2.3667","2.2626","2022.9","false","0","13957","2530","0.2389023851590106","64","30","133","0.4373","-0.6349"
"1.856140350877193","7.831108941555143E-4","0.5387523629489603","1","0.462253193960511","42","3","false","systematic literature review","13437","79.73809523809524","0","42","0","0.9968754001792803","1.3077","1.4985","2023.0","false","0","13437","938","0.2807679409792086","42","13","53","0.1003","0.3243"
"1.9228070175438596","3.13027350636834E-4","0.5200729927007299","3","0.5362318840579711","24","3","false","stroke","13140","87.75","0","24","0","0.9966320911768473","0.1429","0.1637","2022.8571","false","0","13140","264","0.31007067137809186","24","14","35","-0.7027","0.7751"
"1.919298245614035","2.486642069574931E-4","0.5210237659963437","5","0.5289855072463768","24","3","false","stability","12996","86.70833333333333","0","24","0","0.9966448969138174","0.7222","0.8276","2022.9444","false","0","12996","274","0.30531103286384975","24","18","33","0.2352","0.0723"
"1.919298245614035","2.840847681883669E-4","0.5210237659963437","5","0.5507246376811594","24","3","false","software development","12694","100.45833333333333","0","24","0","0.9966448969138174","0.3333","0.382","2022.9167","false","0","12694","304","0.35372652582159625","24","12","25","0.3588","-0.4948"
"1.9508771929824562","1.7094953688332132E-4","0.512589928057554","5","0.5916666666666667","16","3","false","software defect prediction","12675","101.625","0","16","0","0.996529645281086","0.5","0.6729","2023.0","false","0","12675","182","0.3590989399293286","16","10","24","0.3954","-0.2835"
"1.9403508771929825","2.626317923719455E-4","0.515370705244123","3","0.48095238095238096","21","3","false","society","12623","77.33333333333333","0","21","0","0.9965680624919964","0.9","1.0313","2022.9","false","0","12623","224","0.2752075919335706","21","10","26","-0.8848","0.6426"
"1.919298245614035","7.684407193616393E-4","0.5210237659963437","2","0.4311594202898551","24","3","false","sentiment analysis","12177","84.91666666666667","0","24","0","0.9966448969138174","1.4667","1.522","2022.6667","false","0","12177","1170","0.2990023474178404","24","15","32","-0.4476","-0.4277"
"1.9473684210526316","5.546321997695471E-5","0.5135135135135135","2","0.7416666666666667","16","3","false","semantic segmentation","12126","88.625","0","16","0","0.9965424510180559","2.9","3.3231","2022.9","false","0","12126","62","0.31205985915492956","16","10","24","-0.82","-0.8132"
"1.9578947368421054","2.0869754304828945E-5","0.510752688172043","3","0.8333333333333334","13","3","false","sars-cov-2","11877","128.92307692307693","0","13","0","0.9965040338071457","0.1818","0.2083","2022.9091","false","0","11877","26","0.4539544962080173","13","11","29","-1.2918","0.4217"
"1.9263157894736842","2.9204493210741055E-4","0.5191256830601093","2","0.541501976284585","23","3","false","robustness","11760","84.8695652173913","0","23","0","0.9966192854398771","0.1818","0.2083","2022.8182","false","0","11760","232","0.29989245659855585","23","11","26","0.3324","-0.3522"
"1.9508771929824562","1.6756235668517286E-4","0.512589928057554","3","0.5220588235294118","17","3","false","progression","10804","88.47058823529412","0","17","0","0.996529645281086","0.7","0.6435","2022.9","false","0","10804","154","0.3137254901960784","17","10","19","-0.7754","0.064"
"1.8982456140350876","5.906640448075318E-4","0.5268022181146026","2","0.42758620689655175","30","3","false","patterns","10077","76.03333333333333","0","30","0","0.9967217313356384","0.3636","0.2725","2022.9091","false","0","10077","606","0.2677230046948357","30","11","34","-0.6042","-0.0557"
"1.9228070175438596","2.7292713012980695E-4","0.5200729927007299","2","0.5362318840579711","24","3","false","ontology","9667","90.70833333333333","0","24","0","0.9966320911768473","0.0","0.0","2022.8","false","0","9667","264","0.3205241460541814","24","15","34","-0.4536","0.015"
"1.894736842105263","5.026805957998778E-4","0.5277777777777778","6","0.5100806451612904","32","3","false","monitoring","8764","87.59375","0","32","0","0.9967345370726085","2.2308","2.4952","2022.8462","false","0","8764","508","0.3095185512367491","32","13","40","0.2064","-0.5705"
"1.96140350877193","1.342285120811852E-4","0.5098389982110912","6","0.4","15","3","false","memory","8351","79.2","0","15","0","0.9964912280701754","1.5833","1.6822","2022.75","false","0","8351","126","0.2818505338078292","15","12","17","-0.0827","-0.2156"
"1.880701754385965","7.229440669277926E-4","0.5317164179104478","2","0.5546218487394958","35","3","false","images","6634","86.08571428571429","0","35","0","0.9967857600204892","1.44","1.2536","2022.76","false","0","6634","732","0.30311871227364184","35","25","74","-1.002","-0.5627"
"1.919298245614035","2.6684015603673286E-4","0.5210237659963437","2","0.58","25","3","false","image segmentation","6616","75.88","0","25","0","0.9966448969138174","1.0909","1.2501","2023.0","false","0","6616","278","0.26812720848056537","25","11","37","-0.5022","-0.9134"
"1.9403508771929825","6.582805290662062E-5","0.515370705244123","2","0.6928104575163399","18","3","false","image classification","6572","99.83333333333333","0","18","0","0.9965680624919964","0.8333","0.8227","2022.75","false","0","6572","106","0.3515258215962441","18","12","27","-0.3934","-1.1693"
"1.9298245614035088","1.9830788165057373E-4","0.5181818181818182","2","0.5571428571428572","21","3","false","human-computer interaction","6413","99.0952380952381","0","21","0","0.9966064797029069","0.3636","0.3446","2022.7273","false","0","6413","204","0.3489268947015426","21","11","27","-0.4845","0.3836"
"1.9228070175438596","3.0731702937856803E-4","0.5200729927007299","6","0.605072463768116","24","3","false","graph neural networks","5864","96.75","0","24","0","0.9966320911768473","0.3846","0.4102","2022.6923","false","0","5864","276","0.3418727915194346","24","13","28","0.5389","-0.8378"
"1.9719298245614034","6.688142693026486E-5","0.5071174377224199","6","0.509090909090909","11","3","false","graph neural network","5861","85.63636363636364","0","11","0","0.996452810859265","0.3636","0.3806","2022.7273","false","0","5861","54","0.3036750483558994","11","11","12","0.3625","-0.7774"
"1.9263157894736842","2.952415659485461E-4","0.5191256830601093","2","0.5144927536231884","24","3","false","generative adversarial networks","5653","71.16666666666667","0","24","0","0.9966192854398771","1.3077","1.4375","2022.6923","false","0","5653","278","0.25236406619385343","24","13","36","-0.2943","-0.9998"
"1.912280701754386","5.331714505680468E-4","0.5229357798165137","4","0.41625615763546797","29","3","false","games","5574","75.55172413793103","0","29","0","0.9966705083877576","1.2308","1.4103","2022.9231","false","0","5574","498","0.2688673456865873","29","13","39","0.4408","-0.0167"
"1.9543859649122808","1.0648399017537032E-4","0.5116696588868941","4","0.5735294117647058","17","3","false","game","5567","90.41176470588235","0","17","0","0.9965168395441159","0.3636","0.3446","2022.7273","false","0","5567","130","0.3217500523341009","17","11","25","0.9272","-0.4156"
"1.9403508771929825","1.2875899178766093E-4","0.515370705244123","6","0.6081871345029239","19","3","false","fpga","5396","96.47368421052632","0","19","0","0.9965680624919964","0.6923","0.6408","2022.7692","false","0","5396","152","0.34089641063790216","19","13","28","0.2546","-0.892"
"1.919298245614035","2.5852530036410073E-4","0.5210237659963437","5","0.5633333333333334","25","3","false","flow","5295","93.2","0","25","0","0.9966448969138174","0.3636","0.4167","2023.0","false","0","5295","262","0.32932862190812723","25","11","30","-0.0133","-0.3055"
"1.9508771929824562","7.881621628936227E-5","0.512589928057554","6","0.6","16","3","false","fault diagnosis","5067","88.875","0","16","0","0.996529645281086","0.5833","0.6684","2022.6667","false","0","5067","106","0.31404593639575973","16","12","18","0.0775","-0.8025"
"1.9403508771929825","5.580478837646876E-5","0.515370705244123","6","0.7189542483660131","18","3","false","ensemble learning","4696","112.0","0","18","0","0.9965680624919964","1.0909","0.9617","2022.9091","false","0","4696","90","0.39436619718309857","18","11","25","0.1258","-0.938"
"1.9052631578947368","4.078925697842249E-4","0.5248618784530387","2","0.4894179894179894","28","3","false","emotion recognition","4572","78.03571428571429","0","28","0","0.996696119861698","3.2308","3.6411","2022.6923","false","0","4572","396","0.27477364185110664","28","13","37","-0.2401","-0.5249"
"1.9508771929824562","7.78940151087196E-5","0.512589928057554","3","0.6285714285714286","15","3","false","digital pathology","3892","112.4","0","15","0","0.996529645281086","0.5","0.5729","2023.0","false","0","3892","82","0.3957746478873239","15","10","20","-1.1577","-0.1766"
"1.9543859649122808","5.193629696464051E-5","0.5116696588868941","5","0.6703296703296703","14","3","false","deep neural network","3525","105.92857142857143","0","14","0","0.9965168395441159","0.4545","0.5209","2022.7273","false","0","3525","62","0.37298792756539234","14","11","16","0.2214","-0.7075"
"1.8701754385964913","8.447822777762707E-4","0.5347091932457786","2","0.49359886201991465","38","3","false","deep","3479","83.1842105263158","0","38","0","0.9968241772313996","3.3333","3.6654","2022.8333","false","0","3479","810","0.29290214974054857","38","18","64","-0.2473","-0.7667"
"1.8912280701754387","5.697993105604377E-4","0.5287569573283859","6","0.5040322580645161","32","3","false","decision making","3451","85.625","0","32","0","0.9967473428095788","7.1333","8.1739","2023.0","false","0","3451","542","0.30149647887323944","32","15","42","0.4393","-0.3834"
"1.9298245614035088","2.4724984502565004E-4","0.5181818181818182","2","0.5428571428571428","21","3","false","dataset","3406","79.42857142857143","0","21","0","0.9966064797029069","2.7273","3.0891","2022.8182","false","0","3406","260","0.2796780684104628","21","11","26","-0.7841","-0.7421"
"1.7719298245614035","0.0028266851616612033","0.5643564356435644","2","0.37715617715617716","66","3","false","data models","3347","68.83333333333333","0","66","0","0.9971827378665642","2.1786","2.015","2022.8929","false","0","3347","2766","0.24237089201877934","66","28","127","0.4372","-0.5123"
"1.8912280701754387","6.105534609455514E-4","0.5287569573283859","2","0.48185483870967744","32","3","false","data mining","3344","78.09375","0","32","0","0.9967473428095788","1.6667","1.6014","2022.8889","false","0","3344","578","0.2749779929577465","32","18","46","0.1069","-0.7288"
"1.9403508771929825","1.6221951937131802E-4","0.515370705244123","2","0.5424836601307189","18","3","false","data augmentation","3315","91.5","0","18","0","0.9965680624919964","0.3333","0.3489","2022.75","false","0","3315","224","0.3221830985915493","18","12","24","-0.3272","-0.8517"
"1.8842105263157896","6.424446353929164E-4","0.5307262569832402","3","0.4957983193277311","35","3","false","ct","3161","78.6","0","35","0","0.9967729542835191","0.2778","0.2963","2022.9444","false","0","3161","616","0.2777385159010601","35","18","58","-1.0915","0.1243"
"1.8456140350877193","7.438362506638175E-4","0.5418250950570342","4","0.5343434343434343","45","3","false","computational modeling","2606","83.15555555555555","0","45","0","0.9969138173901909","7.7222","7.5712","2022.9444","false","0","2606","940","0.2928012519561815","45","18","83","0.8623","-0.6198"
"1.9017543859649122","5.503578712111543E-4","0.525830258302583","6","0.5057471264367817","30","3","false","codes","2368","82.1","0","30","0","0.9967089255986682","0.5","0.5482","2022.9375","false","0","2368","478","0.2901060070671378","30","16","51","0.4826","-0.6937"
"1.9052631578947368","3.988297933738885E-4","0.5248618784530387","1","0.47044334975369456","29","3","false","citespace","2138","79.34482758620689","0","29","0","0.996696119861698","0.9167","1.0504","2023.0","false","0","2138","438","0.2803704154989643","29","12","39","-0.2975","0.5502"
"1.9228070175438596","3.1879964393977984E-4","0.5200729927007299","2","0.5108695652173914","24","3","false","brain","1654","86.95833333333333","0","24","0","0.9966320911768473","2.9167","3.177","2022.8333","false","0","1654","284","0.30727326266195526","24","12","35","-0.6302","-0.3642"
"1.9263157894736842","2.040159082058016E-4","0.5191256830601093","1","0.5849802371541502","23","3","false","bibliometrics","1441","91.65217391304348","0","23","0","0.9966192854398771","0.2","0.2292","2022.9","false","0","1441","220","0.3238592717775388","23","10","30","0.1964","0.6322"
"1.8736842105263158","4.206946925789903E-4","0.5337078651685393","4","0.5930930930930931","37","3","false","servers","12209","78.70270270270271","0","37","0","0.9968113714944294","4.9286","4.005","2022.9286","false","0","12209","572","0.27712219261515036","37","14","69","1.1071","-0.3443"
"1.9473684210526316","2.819009772446067E-4","0.5135135135135135","6","0.42105263157894735","20","3","false","python","10966","80.25","0","20","0","0.9965424510180559","0.4","0.4584","2022.7333","false","0","10966","226","0.28660714285714284","20","15","22","0.0471","-0.2315"
"1.9649122807017543","1.7110949141067253E-4","0.5089285714285715","4","0.5490196078431373","18","3","false","go","5771","78.88888888888889","0","18","0","0.9964784223332053","0.6","0.6479","2022.8","false","0","5771","140","0.28479743281187325","18","10","25","0.862","-0.3727"
"1.9298245614035088","3.0515380310735575E-4","0.5181818181818182","2","0.5019762845849802","23","3","false","eeg","4400","79.26086956521739","0","23","0","0.9966064797029069","4.5833","5.252","2022.9167","false","0","4400","276","0.2810669133518347","23","12","31","-0.1112","-0.4035"
"1.9157894736842105","4.1029938506598825E-4","0.521978021978022","5","0.5292307692307693","26","3","false","dynamics","4262","84.8076923076923","0","26","0","0.9966577026507877","1.1333","1.0344","2022.8667","false","0","4262","344","0.29967382440880674","26","15","35","0.1742","-0.1756"
"1.9157894736842105","1.8429954480036234E-4","0.521978021978022","5","0.6461538461538462","26","3","false","cyber-physical systems","3247","98.26923076923077","0","26","0","0.9966577026507877","1.2727","1.4224","2022.9091","false","0","3247","232","0.34724109812449033","26","11","37","0.5834","0.101"
"1.8912280701754387","4.984387096620954E-4","0.5287569573283859","5","0.4959677419354839","32","3","false","autonomous vehicles","1250","82.59375","0","32","0","0.9967473428095788","0.5","0.5729","2023.0","false","0","1250","526","0.2908230633802817","32","12","39","0.5688","0.1715"
"1.894736842105263","9.215137930568347E-4","0.5277777777777778","5","0.47580645161290325","32","3","false","autonomous driving","1224","77.75","0","32","0","0.9967345370726085","0.3125","0.3333","2022.8125","false","0","1224","1334","0.2747349823321555","32","16","42","0.1627","-0.0598"
"1.936842105263158","1.8604724986954409E-4","0.5163043478260869","6","0.6157894736842106","20","3","false","support vector machine","13258","99.6","0","20","0","0.9965808682289665","1.0","1.1154","2022.7692","false","0","13258","166","0.3519434628975265","20","13","26","0.517","-0.5826"
"1.9157894736842105","1.9729402292219866E-4","0.521978021978022","1","0.55","25","3","false","of-the-art","9596","86.8","0","25","0","0.9966577026507877","1.0","1.0666","2022.9","false","0","9596","286","0.3056338028169014","25","10","33","0.6306","0.6365"
"1.943859649122807","1.9324494223625562E-4","0.5144404332129964","6","0.5098039215686274","18","3","false","fault detection","5065","88.27777777777777","0","18","0","0.9965552567550262","0.5","0.5729","2022.8","false","0","5065","166","0.31193561052218294","18","10","22","0.6679","-0.6934"
"1.8912280701754387","4.450826047555855E-4","0.5287569573283859","2","0.5080645161290323","32","3","false","explainable ai","4910","87.71875","0","32","0","0.9967473428095788","0.6842","0.7632","2022.6316","false","0","4910","496","0.308868838028169","32","19","39","-0.3572","-0.573"
"1.8666666666666667","0.0011511599075343525","0.5357142857142857","2","0.3948896631823461","42","3","false","visualization","14601","72.69047619047619","0","42","0","0.9968369829683698","3.0","2.3969","2022.8125","false","0","14601","1070","0.25868496864938145","42","16","51","-0.3161","-0.0488"
"1.8596491228070176","6.953111114001497E-4","0.5377358490566038","1","0.5168408826945412","42","3","false","trends","14055","80.16666666666667","0","42","0","0.9968625944423102","0.3077","0.3526","2022.9231","false","0","14055","870","0.2832744405182568","42","13","61","0.0871","0.6186"
"1.736842105263158","0.004634113084129578","0.5757575757575757","2","0.3547368421052632","76","3","false","task analysis","13508","65.67105263157895","0","76","0","0.9973107952362658","8.0638","7.2494","2022.8723","false","0","13508","3960","0.23123610081541882","76","47","185","0.238","-0.7769"
"1.719298245614035","0.005088256610599304","0.5816326530612245","2","0.3537037037037037","81","3","false","neural-network","9322","71.1604938271605","0","81","0","0.9973748239211166","1.1795","1.1787","2022.8462","false","0","9322","4588","0.25056511910972007","81","39","138","0.0128","-0.5228"
"1.8877192982456141","6.360371973181489E-4","0.5297397769516728","5","0.4919786096256685","34","3","false","generation","5648","87.41176470588235","0","34","0","0.9967601485465489","1.2609","1.2035","2022.8261","false","0","5648","648","0.30887549366036166","34","23","53","0.0806","-0.0146"
"1.9298245614035088","1.7053771908699317E-4","0.5181818181818182","6","0.696969696969697","22","3","false","drug discovery","4165","103.45454545454545","0","22","0","0.9966064797029069","2.9","3.3231","2022.9","false","0","4165","144","0.36556376485705105","22","10","34","0.4098","-0.832"
"1.9017543859649122","3.660031711241454E-4","0.525830258302583","2","0.5591133004926109","29","3","false","u-net","14154","86.62068965517241","0","29","0","0.9967089255986682","0.75","0.8594","2022.8333","false","0","14154","372","0.3050024283632832","29","12","41","-0.8357","-0.5084"
"1.856140350877193","0.0015266325611226644","0.5387523629489603","2","0.462253193960511","42","3","false","transfer learning","13980","78.38095238095238","0","42","0","0.9968754001792803","1.5862","1.6125","2022.8276","false","0","13980","2088","0.2759892689470154","42","29","68","-0.4773","-0.8486"
"1.919298245614035","3.0628002933302524E-4","0.5210237659963437","5","0.5466666666666666","25","3","false","tracking","13921","88.76","0","25","0","0.9966448969138174","0.4615","0.5289","2022.8462","false","0","13921","272","0.3136395759717314","25","13","36","-0.4432","-0.0652"
"1.8912280701754387","6.000996906125246E-4","0.5287569573283859","5","0.5342741935483871","32","3","false","strategy","13116","85.15625","0","32","0","0.9967473428095788","1.2","1.2958","2022.9","false","0","13116","518","0.2998459507042254","32","10","37","0.4577","0.0637"
"1.8771929824561404","4.3512784342266645E-4","0.5327102803738317","1","0.5587301587301587","36","3","false","state","13029","92.0","0","36","0","0.9967985657574593","0.7","0.8021","2023.0","false","0","13029","570","0.323943661971831","36","10","39","0.367","0.1904"
"1.8456140350877193","7.070978928385157E-4","0.5418250950570342","4","0.5681159420289855","46","3","false","software-defined networking","12790","87.30434782608695","0","46","0","0.9969138173901909","1.15","1.0997","2022.75","false","0","12790","912","0.3084959287140882","46","20","66","1.1076","0.1917"
"1.7614035087719297","0.003435703119156034","0.5677290836653387","1","0.39045183290707586","69","3","false","simulation","12371","74.47826086956522","0","69","0","0.9972211550774747","1.4318","1.3794","2022.7045","false","0","12371","3016","0.26224739742804654","69","44","123","0.0784","0.4221"
"2.031578947368421","7.961951651658128E-5","0.49222797927461137","2","0.4","6","3","false","self-supervised learning","12110","91.33333333333333","0","6","0","0.9962351133307722","0.0909","0.1042","2022.8182","false","0","12110","214","0.338909541511772","6","11","6","-0.6413","-0.8106"
"1.9052631578947368","6.425806090686377E-4","0.5248618784530387","5","0.43386243386243384","28","3","false","search","11998","81.35714285714286","0","28","0","0.996696119861698","1.6471","1.864","2022.8235","false","0","11998","566","0.28646881287726356","28","17","39","0.4738","-0.3061"
"1.912280701754386","2.1021137283676957E-4","0.5229357798165137","4","0.6239316239316239","27","3","false","routing","11792","75.74074074074075","0","27","0","0.9966705083877576","1.6","1.318","2022.7","false","0","11792","272","0.26763512629237013","27","10","40","1.2048","0.1865"
"1.7964912280701755","0.002362483052385099","0.556640625","5","0.41379310344827586","59","3","false","reinforcement learning","11421","74.98305084745763","0","59","0","0.9970930977077731","2.0","2.2477","2022.6889","false","0","11421","2360","0.2640248269276677","59","45","99","0.5863","-0.2645"
"1.936842105263158","1.0834186763992196E-4","0.5163043478260869","3","0.6842105263157895","19","3","false","radiotherapy","11151","102.57894736842105","0","19","0","0.9965808682289665","0.1","0.0749","2022.9","false","0","11151","132","0.3611934766493699","19","10","38","-1.0016","0.1245"
"1.8070175438596492","0.001594858135455113","0.5533980582524272","4","0.4448051948051948","56","3","false","privacy","10675","75.98214285714286","0","56","0","0.9970546804968625","0.3871","0.354","2022.8065","false","0","10675","1770","0.2675427565392354","56","31","104","0.6707","0.3102"
"1.9263157894736842","2.2965892393798457E-4","0.5191256830601093","3","0.5335968379446641","23","3","false","prevalence","10646","77.17391304347827","0","23","0","0.9966192854398771","1.8333","1.5061","2022.8333","false","0","10646","242","0.2726993393762483","23","12","32","-1.1953","0.2969"
"1.919298245614035","3.690543679141397E-4","0.5210237659963437","5","0.532608695652174","24","3","false","particle swarm optimization","10008","76.25","0","24","0","0.9966448969138174","1.5","1.7188","2023.0","false","0","10008","308","0.26848591549295775","24","10","33","-0.033","-0.1756"
"1.817543859649123","0.0020574359391465104","0.5501930501930502","2","0.386066763425254","53","3","false","object detection","9550","67.58490566037736","0","53","0","0.9970162632859522","9.8214","7.9691","2022.8929","false","0","9550","1824","0.2379750199309062","53","28","92","-0.3907","-0.6993"
"1.9333333333333333","1.079024214029413E-4","0.5172413793103449","2","0.680952380952381","21","3","false","medical imaging","8307","92.80952380952381","0","21","0","0.9965936739659367","3.2","3.5479","2022.9","false","0","8307","138","0.32794884738347635","21","10","36","-0.8549","-0.4106"
"1.8491228070175438","0.001086746986121945","0.540796963946869","2","0.4334038054968288","44","3","false","image processing","6602","76.52272727272727","0","44","0","0.9969010116532208","0.4815","0.537","2022.7407","false","0","6602","1122","0.2694462227912932","44","27","78","-0.6786","-0.6471"
"1.8877192982456141","6.526730811901361E-4","0.5297397769516728","2","0.47771836007130125","34","3","false","image fusion","6593","72.3529411764706","0","34","0","0.9967601485465489","1.1","1.0622","2022.8","false","0","6593","606","0.2556641030970692","34","10","44","-0.4034","-0.826"
"1.8596491228070176","5.957896919587921E-4","0.5377358490566038","6","0.5390243902439025","41","3","false","healthcare","6106","90.29268292682927","0","41","0","0.9968625944423102","2.4667","2.7736","2022.9333","false","0","6106","788","0.3179319821367228","41","15","62","0.3146","0.3208"
"1.8456140350877193","8.52615769758172E-4","0.5418250950570342","6","0.5207729468599034","46","3","false","hardware","6014","84.6304347826087","0","46","0","0.9969138173901909","0.3333","0.382","2022.9048","false","0","6014","1038","0.29904747273006604","46","21","80","0.6488","-0.4881"
"1.9017543859649122","4.112625383198869E-4","0.525830258302583","2","0.5344827586206896","29","3","false","generative adversarial network","5651","84.48275862068965","0","29","0","0.9967089255986682","0.9167","0.9843","2022.9167","false","0","5651","396","0.29747450218552696","29","12","44","-0.3115","-0.9271"
"1.8140350877192983","0.0017431150082100732","0.5512572533849129","2","0.44095038434661077","54","3","false","feature extraction","5099","73.46296296296296","0","54","0","0.9970290690229223","7.3824","5.7423","2022.7647","false","0","5099","1700","0.25867240479916537","54","34","104","-0.14","-0.9624"
"1.9087719298245613","2.3299756277691443E-4","0.5238970588235294","1","0.6243386243386243","28","3","false","fairness","5027","93.28571428571429","0","28","0","0.9966833141247278","0.0909","0.1042","2022.9091","false","0","5027","284","0.32963149924280666","28","11","39","0.4724","0.3357"
"1.9263157894736842","1.6680964967720943E-4","0.5191256830601093","2","0.6190476190476191","22","3","false","face recognition","4990","104.5","0","22","0","0.9966192854398771","0.2667","0.2263","2022.7333","false","0","4990","176","0.36795774647887325","22","15","35","-0.8617","-0.5948"
"1.9228070175438596","2.961516385396856E-4","0.5200729927007299","3","0.525691699604743","23","3","false","expression","4939","87.56521739130434","0","23","0","0.9966320911768473","0.6667","0.5987","2022.8333","false","0","4939","274","0.30832823025107164","23","12","28","-1.0137","-0.2188"
"1.9298245614035088","2.831365449701428E-4","0.5181818181818182","3","0.5380952380952381","21","3","false","epidemiology","4741","86.33333333333333","0","21","0","0.9966064797029069","0.5","0.5729","2023.0","false","0","4741","220","0.3039906103286385","21","10","24","-0.7817","0.2454"
"1.919298245614035","2.208089585440541E-4","0.5210237659963437","5","0.6014492753623188","24","3","false","ensemble","4693","93.75","0","24","0","0.9966448969138174","1.2","1.3751","2023.0","false","0","4693","224","0.3301056338028169","24","10","29","-0.1976","-0.0133"
"1.8210526315789475","0.0012356752122104134","0.5491329479768786","6","0.4894419306184012","52","3","false","energy","4633","84.78846153846153","0","52","0","0.997003457548982","0.4138","0.5086","2022.9655","false","0","4633","1420","0.29855092091007585","52","29","90","0.0763","0.0767"
"1.8631578947368421","7.409625903653399E-4","0.5367231638418078","3","0.5256410256410257","40","3","false","disease","3984","84.55","0","40","0","0.99684978870534","1.0","1.0704","2022.8571","false","0","3984","778","0.2977112676056338","40","21","79","-1.1532","0.2046"
"1.9894736842105263","4.9205080989791426E-5","0.5026455026455027","5","0.6212121212121212","12","3","false","differential evolution","3823","87.75","0","12","0","0.9963887821744142","2.0","2.3466","2022.9091","false","0","3823","50","0.3179347826086957","12","11","18","0.3366","-0.1258"
"1.8877192982456141","6.426293210577167E-4","0.5297397769516728","2","0.48674242424242425","33","3","false","detection","3709","84.87878787878788","0","33","0","0.9967601485465489","3.4545","3.9585","2022.9091","false","0","3709","576","0.29886897140418267","33","11","42","-0.7807","-0.0797"
"1.9017543859649122","3.3139060467905605E-4","0.525830258302583","4","0.5738916256157636","29","3","false","delays","3593","71.10344827586206","0","29","0","0.9967089255986682","5.1818","4.2077","2022.9091","false","0","3593","374","0.25036425449247207","29","11","46","1.1467","-0.0416"
"1.9333333333333333","1.6463738479496805E-4","0.5172413793103449","2","0.5238095238095238","21","3","false","data analysis","3310","95.23809523809524","0","21","0","0.9965936739659367","0.3636","0.3806","2022.9091","false","0","3310","200","0.3365303718660609","21","11","30","-0.0014","-0.6801"
"1.8421052631578947","0.0013074150999220731","0.5428571428571428","2","0.4222222222222222","46","3","false","convolutional neural-networks","2924","74.80434782608695","0","46","0","0.9969266231271608","4.2353","4.8298","2022.8824","false","0","2924","1250","0.2633955909369259","46","17","81","-0.5654","-0.2775"
"1.8666666666666667","0.0013390231820887856","0.5357142857142857","2","0.4844804318488529","39","3","false","convolutional neural-network","2923","80.66666666666667","0","39","0","0.9968369829683698","4.9231","5.5193","2022.8462","false","0","2923","1742","0.284037558685446","39","13","61","-0.6048","-0.5537"
"1.8491228070175438","0.0014264277837926836","0.540796963946869","2","0.39323467230443976","44","3","false","convolutional neural networks","2920","68.3409090909091","0","44","0","0.9969010116532208","0.8889","1.0186","2022.8519","false","0","2920","1208","0.24063700384122919","44","27","63","-0.1346","-0.6677"
"1.8842105263157896","2.4356284417040725E-4","0.5307262569832402","4","0.64349376114082","34","3","false","convergence","2895","99.70588235294117","0","34","0","0.9967729542835191","0.5833","0.6684","2023.0","false","0","2895","410","0.3510770505385253","34","12","45","0.8269","0.0871"
"1.8771929824561404","6.302490883311484E-4","0.5327102803738317","3","0.5428571428571428","35","2","false","ultrasound","14187","86.45714285714286","0","35","0","0.9967985657574593","0.64","0.6699","2022.84","false","0","14187","714","0.30335839598997494","35","25","55","-0.9667","0.4364"
"1.880701754385965","9.12742860944462E-4","0.5317164179104478","2","0.40998217468805703","34","2","false","transformer","13991","70.94117647058823","0","34","0","0.9967857600204892","0.4783","0.5308","2022.8696","false","0","13991","832","0.24891640866873066","34","23","44","-0.1229","-0.8"
"1.8842105263157896","5.866082498614895E-4","0.5307262569832402","3","0.4962121212121212","33","2","false","therapy","13718","81.93939393939394","0","33","0","0.9967729542835191","1.7143","1.6529","2022.6429","false","0","13718","568","0.28750664540138227","33","14","60","-0.6788","0.7071"
"1.9333333333333333","1.3159310751086422E-4","0.5172413793103449","3","0.6666666666666666","19","2","false","survival","13317","104.10526315789474","0","19","0","0.9965936739659367","0.4545","0.5209","2023.0","false","0","13317","138","0.3652816251154201","19","11","30","-0.9995","0.7671"
"1.9298245614035088","3.193226516265776E-4","0.5181818181818182","5","0.47619047619047616","21","3","false","software testing","12771","84.28571428571429","0","21","0","0.9966064797029069","0.2105","0.2412","2022.9474","false","0","12771","252","0.29678068410462777","21","19","36","0.5365","-0.3681"
"1.8350877192982455","0.0011706622124411997","0.5449330783938815","5","0.47641073080481033","47","2","false","selection","12064","84.1063829787234","0","47","0","0.9969522346011013","0.56","0.6417","2022.92","false","0","12064","1290","0.295110115714819","47","25","74","0.2813","-0.1558"
"1.736842105263158","0.003909140952071386","0.5757575757575757","3","0.3769369369369369","75","2","false","segmentation","12053","69.46666666666667","0","75","0","0.9973107952362658","1.5227","1.4475","2022.8864","false","0","12053","3710","0.24374269005847954","75","44","163","-0.8781","-0.2102"
"1.8280701754385964","0.00121327790539682","0.5470249520153551","1","0.47836734693877553","50","3","false","science","11941","77.64","0","50","0","0.9969778460750416","0.5455","0.625","2023.0","false","0","11941","1356","0.27338028169014084","50","22","80","0.0055","0.7557"
"1.8877192982456141","5.867723894646555E-4","0.5297397769516728","6","0.4375","32","2","false","resistance","11562","81.25","0","32","0","0.9967601485465489","0.3","0.3438","2023.0","false","0","11562","618","0.2850877192982456","32","10","33","-0.1154","-0.2776"
"1.8631578947368421","9.32743966069607E-4","0.5367231638418078","2","0.5182186234817814","39","2","false","remote sensing","11458","87.51282051282051","0","39","0","0.99684978870534","1.3333","1.5014","2022.6667","false","0","11458","1008","0.3070625281151597","39","15","58","-0.4251","-0.9414"
"1.8421052631578947","9.373549832697044E-4","0.5428571428571428","5","0.5070707070707071","45","2","false","regression","11385","88.11111111111111","0","45","0","0.9969266231271608","2.5517","2.4728","2022.8276","false","0","11385","1150","0.3091617933723197","45","29","84","0.1092","-0.2995"
"1.8771929824561404","3.638793532875918E-4","0.5327102803738317","3","0.6201680672268908","35","2","false","radiomics","11148","94.25714285714285","0","35","0","0.9967985657574593","1.4167","1.6233","2023.0","false","0","11148","484","0.33072681704260654","35","12","57","-1.0827","0.0321"
"1.9228070175438596","2.2713150521361207E-4","0.5200729927007299","3","0.5889328063241107","23","3","false","prevention","10648","99.8695652173913","0","23","0","0.9966320911768473","0.5","0.5729","2022.8","false","0","10648","252","0.3516533986527863","23","10","30","-0.5997","0.6159"
"1.8596491228070176","8.279903455844207E-4","0.5377358490566038","3","0.4666666666666667","40","2","false","platform","10381","81.275","0","40","0","0.9968625944423102","2.75","2.5069","2022.875","false","0","10381","906","0.28517543859649125","40","16","49","-0.3468","0.0551"
"1.6807017543859648","0.007561888573518939","0.5949895615866388","6","0.3338217338217338","91","2","false","neural-networks","9325","67.58241758241758","0","91","0","0.9975156870277885","1.1111","1.2027","2022.7778","false","0","9325","6306","0.2371312897628687","91","45","163","-0.0369","-0.4169"
"1.936842105263158","1.3506717843665396E-4","0.5163043478260869","5","0.6078431372549019","18","2","false","navigation","9195","85.0","0","18","0","0.9965808682289665","0.7273","0.7973","2022.7273","false","0","9195","134","0.2982456140350877","18","11","19","-0.1281","-0.0561"
"1.8877192982456141","3.682175895717321E-4","0.5297397769516728","3","0.5806451612903226","32","2","false","mortality","8797","92.375","0","32","0","0.9967601485465489","0.9412","0.9619","2022.7647","false","0","8797","450","0.32412280701754387","32","17","63","-1.1136","0.3808"
"1.8596491228070176","9.713500182479041E-4","0.5377358490566038","1","0.44878048780487806","41","3","false","medicine","8332","74.70731707317073","0","41","0","0.9968625944423102","0.3333","0.382","2023.0","false","0","8332","956","0.26305393335623495","41","12","56","-0.3784","0.5422"
"1.8070175438596492","0.001555695888859412","0.5533980582524272","5","0.48215488215488217","55","2","false","intelligence","7006","83.72727272727273","0","55","0","0.9970546804968625","1.2105","1.1785","2022.7895","false","0","7006","1722","0.2937799043062201","55","19","75","0.1136","0.1803"
"1.856140350877193","4.723459734558142E-4","0.5387523629489603","1","0.6219512195121951","41","2","false","integration","6995","95.09756097560975","0","41","0","0.9968754001792803","0.7","0.6832","2022.9","false","0","6995","656","0.3336756525459991","41","10","53","0.2838","0.829"
"1.831578947368421","9.307339591594497E-4","0.5459770114942529","1","0.5230496453900709","48","2","false","innovation","6919","78.8125","0","48","0","0.9969650403380714","0.1667","0.191","2022.8889","false","0","6919","1130","0.27653508771929824","48","18","80","-0.0902","0.8502"
"1.9263157894736842","2.1735791915209048E-4","0.5191256830601093","3","0.5930735930735931","22","3","false","growth","5944","94.04545454545455","0","22","0","0.9966192854398771","0.3636","0.3446","2022.9091","false","0","5944","220","0.331145966709347","22","11","26","-0.7146","0.3884"
"1.8526315789473684","0.0010814925883728408","0.5397727272727273","5","0.4727061556329849","42","2","false","genetic algorithm","5669","82.33333333333333","0","42","0","0.9968882059162505","0.2857","0.3274","2022.8571","false","0","5669","1050","0.28888888888888886","42","21","60","-0.0096","0.0788"
"1.8596491228070176","7.771864100051975E-4","0.5377358490566038","2","0.5076923076923077","40","2","false","feature selection","5111","86.775","0","40","0","0.9968625944423102","0.4583","0.4756","2022.875","false","0","5111","834","0.30447368421052634","40","24","68","-0.3189","-0.4186"
"1.880701754385965","6.77090429137111E-4","0.5317164179104478","5","0.49411764705882355","35","3","false","explainable artificial intelligence","4913","91.22857142857143","0","35","0","0.9967857600204892","1.5294","1.5543","2022.7941","false","0","4913","632","0.32122736418511066","35","34","50","0.2064","-0.426"
"1.8210526315789475","0.0012695414174838048","0.5491329479768786","1","0.47888386123680243","52","3","false","ethics","4804","77.42307692307692","0","52","0","0.997003457548982","1.4815","1.6535","2022.8148","false","0","4804","1420","0.27261646803900325","52","27","97","0.4013","0.7909"
"1.8912280701754387","3.9757171750736173E-4","0.5287569573283859","1","0.5655913978494623","31","2","false","ehealth","4426","86.03225806451613","0","31","0","0.9967473428095788","0.6","0.4893","2022.7","false","0","4426","454","0.3018675721561969","31","10","48","-0.314","0.8971"
"1.9087719298245613","2.9344650058990947E-4","0.5238970588235294","6","0.563076923076923","26","2","false","discovery","3965","96.3076923076923","0","26","0","0.9966833141247278","0.6154","0.7052","2023.0","false","0","3965","320","0.3379217273954116","26","13","33","-0.0709","-0.5075"
"1.880701754385965","4.683074805882488E-4","0.5317164179104478","1","0.519327731092437","35","3","false","digital health","3867","77.48571428571428","0","35","0","0.9967857600204892","0.5714","0.5698","2022.7857","false","0","3867","590","0.27283702213279676","35","14","54","-0.2737","0.9704"
"1.8035087719298246","0.0024722992001292056","0.5544747081712063","2","0.37987012987012986","56","2","false","convolutional neural network","2916","72.92857142857143","0","56","0","0.9970674862338327","0.6739","0.6947","2022.8478","false","0","2916","2164","0.25588972431077694","56","46","111","-0.3277","-0.7295"
"1.8105263157894738","0.0020930379424971496","0.5523255813953488","2","0.376659678546471","54","2","false","cnn","2296","70.9074074074074","0","54","0","0.9970418747598926","1.8235","1.8974","2022.7941","false","0","2296","2040","0.2487979207277453","54","34","102","-0.4527","-0.6055"
"1.8842105263157896","0.0012377675735747145","0.5307262569832402","2","0.44886363636363635","33","2","false","clustering","2282","81.06060606060606","0","33","0","0.9967729542835191","1.0","0.7703","2022.5789","false","0","2282","1526","0.28442317916002124","33","19","41","-0.189","-0.4523"
"1.919298245614035","1.4059335825898923E-4","0.5210237659963437","3","0.6600790513833992","23","2","false","chatbot","2042","97.17391304347827","0","23","0","0.9966448969138174","0.7","0.6832","2022.8","false","0","2042","184","0.34096109839816935","23","10","35","-0.4973","0.8241"
"1.9263157894736842","1.6178203003247655E-4","0.5191256830601093","1","0.638095238095238","21","2","false","bias","1433","85.71428571428571","0","21","0","0.9966192854398771","1.1818","1.138","2022.7273","false","0","1433","178","0.3007518796992481","21","11","35","0.41","0.4727"
"1.8912280701754387","7.16357731729149E-4","0.5287569573283859","2","0.4015151515151515","33","3","false","attention mechanism","1032","66.36363636363636","0","33","0","0.9967473428095788","0.9231","0.8443","2022.8077","false","0","1032","692","0.23450048185030517","33","26","41","-0.1561","-0.8696"
"1.9017543859649122","4.5350818311784205E-4","0.525830258302583","6","0.4975369458128079","29","3","false","artificial neural network","926","81.10344827586206","0","29","0","0.9967089255986682","0.3529","0.3811","2022.8235","false","0","926","444","0.2855755220981059","29","17","37","0.3178","-0.4245"
"1.8385964912280701","5.599454864467622E-4","0.5438931297709924","1","0.591304347826087","46","2","false","analytics","648","89.23913043478261","0","46","0","0.9969394288641311","1.8462","2.085","2022.7692","false","0","648","888","0.3131197559115179","46","13","75","0.5381","0.951"
"1.7719298245614035","0.0024269249427745793","0.5643564356435644","1","0.4283653846153846","65","2","false","algorithms","585","78.75384615384615","0","65","0","0.9971827378665642","1.9318","2.0605","2022.7727","false","0","585","2614","0.27632928475033736","65","44","118","-0.0507","0.3241"
"1.9333333333333333","1.6942732239795183E-4","0.5172413793103449","2","0.5666666666666667","21","3","false","transformers","13999","86.33333333333333","0","21","0","0.9965936739659367","0.8462","0.9696","2023.0","false","0","13999","188","0.3050647820965842","21","13","31","-0.0259","-0.9668"
"1.8526315789473684","9.845714267814132E-4","0.5397727272727273","1","0.45182724252491696","43","3","false","sensor","12167","75.23255813953489","0","43","0","0.9968882059162505","1.9091","2.0795","2022.8182","false","0","12167","1026","0.2649033737307566","43","11","53","0.1892","0.4198"
"1.9403508771929825","2.2972362193546107E-4","0.515370705244123","3","0.543859649122807","19","3","false","screening","11977","79.94736842105263","0","19","0","0.9965680624919964","0.1818","0.2083","2022.9091","false","0","11977","182","0.2824995350567231","19","11","33","-0.8946","0.4798"
"1.8","0.0025367089230472393","0.5555555555555556","3","0.38656987295825773","58","3","false","reliability","11440","74.75862068965517","0","58","0","0.9970802919708028","0.9","0.9652","2022.8667","false","0","11440","2126","0.263234579893152","58","30","85","-0.1451","0.2109"
"1.8140350877192983","0.0018045614953120328","0.5512572533849129","2","0.42452830188679247","53","2","false","predictive models","10610","75.43396226415095","0","53","0","0.9970290690229223","1.0588","1.19","2022.8824","false","0","10610","1838","0.264680569347898","53","17","79","-0.1455","-0.7377"
"1.9228070175438596","3.226999267076993E-4","0.5200729927007299","2","0.466403162055336","23","3","false","entropy","4717","74.82608695652173","0","23","0","0.9966320911768473","8.0","9.131","2022.7273","false","0","4717","284","0.2634721371708512","23","11","26","0.0312","-0.4353"
"1.856140350877193","7.889665807739784E-4","0.5387523629489603","1","0.5238095238095238","42","3","false","care","1887","88.30952380952381","0","42","0","0.9968754001792803","1.0","1.0715","2022.875","false","0","1887","834","0.31094902749832326","42","16","57","-0.4165","0.7442"
"1.9157894736842105","2.8534108617776993E-4","0.521978021978022","3","0.5723076923076923","26","3","false","breast cancer","1683","93.07692307692308","0","26","0","0.9966577026507877","0.9231","1.0577","2022.8462","false","0","1683","298","0.32889372111986953","26","13","43","-0.88","-0.0238"
"1.8912280701754387","5.65594937888123E-4","0.5287569573283859","2","0.4778225806451613","32","3","false","representation","11497","84.375","0","32","0","0.9967473428095788","5.625","6.3465","2022.9375","false","0","11497","534","0.2970950704225352","32","16","42","-0.5613","-0.3699"
"1.8456140350877193","0.0013057037287603633","0.5418250950570342","3","0.43023255813953487","44","2","false","outcomes","9867","75.70454545454545","0","44","0","0.9969138173901909","0.2857","0.3274","2022.9524","false","0","9867","1180","0.26562998405103666","44","21","67","-0.5515","0.5032"
"1.7228070175438597","0.0057900838021970385","0.5804480651731161","6","0.32531645569620254","80","3","false","models","8707","65.7875","0","80","0","0.9973620181841465","1.0435","1.1612","2022.7609","false","0","8707","4690","0.23164612676056337","80","46","137","0.076","-0.3665"
"1.880701754385965","7.47857805826585E-4","0.5317164179104478","2","0.4857142857142857","35","3","false","image","6565","83.34285714285714","0","35","0","0.9967857600204892","0.5263","0.5614","2022.8947","false","0","6565","782","0.2934607645875251","35","19","51","-0.4068","-0.4896"
"1.7649122807017543","0.002708221333251138","0.5666003976143141","3","0.4079601990049751","67","2","false","features","5117","75.28358208955224","0","67","0","0.9972083493405045","0.64","0.7334","2022.92","false","0","5117","2760","0.264152919612464","67","25","116","-0.7025","-0.1777"
"1.8456140350877193","0.0010583223938665004","0.5418250950570342","1","0.4595959595959596","45","3","false","education","4378","83.17777777777778","0","45","0","0.9969138173901909","0.7586","0.8283","2022.6207","false","0","4378","1126","0.2928794992175274","45","29","77","-0.1984","0.6699"
"1.831578947368421","0.0018821355197869963","0.5459770114942529","2","0.36394557823129253","49","3","false","computer vision","2653","69.83673469387755","0","49","0","0.9969650403380714","0.3208","0.3601","2022.8679","false","0","2653","1572","0.2459039954009773","49","53","113","-0.7089","-0.5635"
"1.8771929824561404","8.56743015973247E-4","0.5327102803738317","1","0.4158730158730159","36","3","false","children","2092","73.22222222222223","0","36","0","0.9967985657574593","0.5833","0.5693","2022.6667","false","0","2092","774","0.2578247261345853","36","12","45","-0.2695","0.4751"
"1.775438596491228","0.0022320397037765027","0.5632411067193676","3","0.4558531746031746","64","2","false","cancer","1807","78.78125","0","64","0","0.9971699321295939","0.9677","1.0833","2022.9355","false","0","1807","2356","0.2764254385964912","64","31","126","-0.9847","-0.0535"
"1.8631578947368421","0.001175720750840583","0.5367231638418078","2","0.4307692307692308","40","3","false","attention","1028","77.925","0","40","0","0.99684978870534","2.1111","2.4191","2022.9444","false","0","1028","952","0.2743838028169014","40","18","53","-0.2452","-0.6377"
"1.912280701754386","2.3343844578350168E-4","0.5229357798165137","3","0.5897435897435898","27","3","false","age","390","96.25925925925925","0","27","0","0.9966705083877576","0.3","0.3438","2022.9","false","0","390","288","0.3401387252977359","27","10","32","-0.6285","0.2406"
"1.8912280701754387","6.879228525449978E-4","0.5287569573283859","1","0.5040322580645161","32","3","false","trust","14081","77.625","0","32","0","0.9967473428095788","0.4615","0.3459","2022.6154","false","0","14081","540","0.2733274647887324","32","13","51","0.3324","0.7656"
"1.8035087719298246","0.001727903000998625","0.5544747081712063","1","0.4590909090909091","56","2","false","systematic review","13441","79.125","0","56","0","0.9970674862338327","1.375","1.4765","2022.9375","false","0","13441","1778","0.2776315789473684","56","16","74","-0.372","0.6352"
"1.9228070175438596","2.3425973033025662E-4","0.5200729927007299","1","0.5928853754940712","23","3","false","satisfaction","11890","92.91304347826087","0","23","0","0.9966320911768473","0.2727","0.3125","2023.0","false","0","11890","270","0.3271586037966932","23","11","37","0.324","0.5331"
"1.880701754385965","6.501072424361574E-4","0.5317164179104478","1","0.48067226890756304","35","3","false","robots","11750","83.8","0","35","0","0.9967857600204892","1.8333","2.0347","2022.8333","false","0","11750","688","0.29507042253521126","35","12","45","0.1084","0.6842"
"1.817543859649123","0.0029578442041696663","0.5501930501930502","2","0.306966618287373","53","3","false","natural language processing","9178","64.77358490566037","0","53","0","0.9970162632859522","0.1702","0.1782","2022.8085","false","0","9178","2074","0.228076003188945","53","47","91","-0.3842","-0.2812"
"1.9052631578947368","2.0804619590940147E-4","0.5248618784530387","1","0.6349206349206349","28","3","false","methodology","8443","102.35714285714286","0","28","0","0.996696119861698","1.2","1.2165","2022.8","false","0","8443","298","0.36041247484909456","28","10","39","0.0668","0.9066"
"1.8666666666666667","7.611199962097442E-4","0.5357142857142857","1","0.5234708392603129","38","2","false","media","8272","84.28947368421052","0","38","0","0.9968369829683698","0.4","0.4584","2022.8","false","0","8272","746","0.29575253924284395","38","10","47","0.4046","0.2827"
"1.9087719298245613","2.761958254168106E-4","0.5238970588235294","1","0.5529100529100529","28","3","false","industry","6804","85.96428571428571","0","28","0","0.9966833141247278","0.9","0.9124","2022.9","false","0","6804","354","0.30376072690560324","28","10","35","0.0955","0.9613"
"1.8842105263157896","4.725062406344832E-4","0.5307262569832402","1","0.5561497326203209","34","3","false","explainability","4907","81.38235294117646","0","34","0","0.9967729542835191","0.4615","0.4679","2022.8462","false","0","4907","524","0.2865575807787904","34","13","55","0.5784","0.7071"
"1.919298245614035","2.1290685329311706E-4","0.5210237659963437","1","0.5760869565217391","24","3","false","digitalization","3924","85.54166666666667","0","24","0","0.9966448969138174","0.1818","0.2083","2022.8182","false","0","3924","258","0.3012030516431925","24","11","33","0.3399","1.0485"
"1.831578947368421","0.001068580328552053","0.5459770114942529","1","0.4796099290780142","48","2","false","decision-making","3462","80.3125","0","48","0","0.9969650403380714","0.4444","0.4799","2022.8519","false","0","3462","1266","0.2817982456140351","48","27","83","0.3902","0.6851"
"1.7614035087719297","0.0029082092097193484","0.5677290836653387","3","0.41044776119402987","68","2","false","covid-19","3038","76.66176470588235","0","68","0","0.9972211550774747","1.2885","1.366","2022.8077","false","0","3038","2792","0.2689886480908153","68","52","139","-0.6952","0.1463"
"1.9087719298245613","4.7226824746805546E-4","0.5238970588235294","1","0.47883597883597884","28","3","false","behavior","1372","83.53571428571429","0","28","0","0.9966833141247278","1.1579","1.2851","2022.8421","false","0","1372","494","0.2951792024230187","28","19","48","0.3785","0.3809"
"1.9017543859649122","2.976959063579794E-4","0.525830258302583","1","0.5738916256157636","29","3","false","adoption","327","83.17241379310344","0","29","0","0.9967089255986682","0.8889","0.8644","2022.8889","false","0","327","368","0.29286061194754737","29","18","53","0.2385","0.9642"
"1.96140350877193","1.2042066422368638E-4","0.5098389982110912","3","0.48333333333333334","16","3","false","validity","14371","77.625","0","16","0","0.9964912280701754","0.3636","0.4167","2022.7273","false","0","14371","124","0.27723214285714287","16","11","21","-0.5381","0.2032"
"1.7789473684210526","0.003104827326726341","0.5621301775147929","3","0.3758320532514081","63","2","false","validation","14368","68.68253968253968","0","63","0","0.997157126392624","0.75","0.7107","2022.8","false","0","14368","2634","0.24099136730715678","63","40","143","-0.7122","0.3011"
"1.880701754385965","6.023309128900281E-4","0.5317164179104478","3","0.46050420168067224","35","3","false","tool","13869","77.94285714285714","0","35","0","0.9967857600204892","0.5833","0.6354","2022.9167","false","0","13869","668","0.2744466800804829","35","12","43","-0.2154","0.3477"
"1.8912280701754387","5.268523864449398E-4","0.5287569573283859","3","0.5","32","3","false","tomography","13865","87.90625","0","32","0","0.9967473428095788","1.5625","1.7409","2022.9375","false","0","13865","578","0.3095290492957746","32","16","41","-0.8585","0.372"
"1.6771929824561405","0.005547417476109848","0.5962343096234309","1","0.3712374581939799","92","2","false","technology","13569","68.6413043478261","0","92","0","0.9975284927647586","0.6383","0.7061","2022.8936","false","0","13569","5538","0.2408466819221968","92","47","180","0.1571","0.7761"
"1.8666666666666667","7.058072045617773E-4","0.5357142857142857","3","0.5305832147937412","38","2","false","surgery","13286","84.28947368421052","0","38","0","0.9968369829683698","0.4118","0.4019","2022.8235","false","0","13286","830","0.29575253924284395","38","17","64","-0.8645","0.2327"
"1.8105263157894738","0.002131834458454086","0.5523255813953488","5","0.38701298701298703","56","3","false","software engineering","12707","71.10714285714286","0","56","0","0.9970418747598926","0.1333","0.1528","2022.8889","false","0","12707","1984","0.25126198889449775","56","45","110","0.4913","-0.1866"
"1.8842105263157896","6.275851580117471E-4","0.5307262569832402","5","0.46167557932263814","34","3","false","safety","11838","75.61764705882354","0","34","0","0.9967729542835191","0.5","0.5289","2022.8333","false","0","11838","634","0.2662593206296603","34","18","52","0.0253","0.4973"
"1.743859649122807","0.0035061602780508535","0.5734406438631791","3","0.3732876712328767","73","2","false","risk","11683","68.52054794520548","0","73","0","0.9972851837623256","0.5897","0.6554","2022.9231","false","0","11683","3406","0.24042297524633502","73","39","142","-0.6743","0.4834"
"1.9263157894736842","2.801106750814139E-4","0.5191256830601093","2","0.525691699604743","23","3","false","reconstruction","11316","84.26086956521739","0","23","0","0.9966192854398771","0.5385","0.556","2022.8462","false","0","11316","248","0.29774158856967275","23","13","32","-1.0087","-0.4422"
"1.9333333333333333","1.4938772316878463E-4","0.5172413793103449","3","0.6095238095238096","21","3","false","quantification","11019","88.28571428571429","0","21","0","0.9965936739659367","1.0833","1.1092","2022.9167","false","0","11019","178","0.31196365471983845","21","12","38","-1.1925","0.5891"
"1.792982456140351","0.002237221805475193","0.5577299412915852","5","0.4412624196376388","59","2","false","quality","10987","80.15254237288136","0","59","0","0.9971059034447433","0.6053","0.6677","2022.9474","false","0","10987","2108","0.28123699078203984","59","38","106","-0.3171","0.3811"
"1.9157894736842105","1.922645501544418E-4","0.521978021978022","3","0.66","25","3","false","prostate cancer","10847","98.08","0","25","0","0.9966577026507877","0.3333","0.382","2023.0","false","0","10847","212","0.3453521126760563","25","12","42","-1.2153","-0.0357"
"1.5789473684210527","0.011850555096177377","0.6333333333333333","6","0.3065826330532213","120","2","false","prediction","10591","64.625","0","120","0","0.9978870533999232","1.1529","1.2045","2022.8353","false","0","10591","10380","0.2267543859649123","120","85","307","-0.2436","-0.0953"
"1.8877192982456141","6.980167938745294E-4","0.5297397769516728","3","0.4583333333333333","33","3","false","mri","8854","75.15151515151516","0","33","0","0.9967601485465489","0.1176","0.1348","2022.9412","false","0","8854","634","0.2646180110968843","33","17","52","-0.9326","0.3388"
"1.8912280701754387","4.625675499516438E-4","0.5287569573283859","3","0.5080645161290323","32","3","false","magnetic resonance imaging","8034","76.0","0","32","0","0.9967473428095788","1.2308","1.4103","2023.0","false","0","8034","498","0.2676056338028169","32","13","48","-1.0474","0.4084"
"1.7859649122807018","0.0023501853100102717","0.5599214145383105","5","0.3989071038251366","61","2","false","implementation","6666","75.50819672131148","0","61","0","0.9971315149186836","0.6818","0.7813","2022.9545","false","0","6666","2256","0.2649410411274087","61","22","85","-0.2963","0.2915"
"1.6807017543859648","0.008173703123787183","0.5949895615866388","6","0.3005255613951266","92","3","false","identification","6540","63.40217391304348","0","92","0","0.9975156870277885","1.6364","1.812","2022.8864","false","0","6540","6088","0.22324709124311085","92","44","166","-0.1941","-0.3144"
"1.817543859649123","0.0015973727415459793","0.5501930501930502","1","0.4332365747460087","53","3","false","health","6066","72.11320754716981","0","53","0","0.9970162632859522","1.1364","1.1039","2022.7727","false","0","6066","1622","0.2539197448844007","53","22","82","-0.1319","0.7623"
"1.8105263157894738","0.0017803233145777218","0.5523255813953488","2","0.42693602693602695","55","3","false","feature-selection","5116","76.94545454545455","0","55","0","0.9970418747598926","2.1053","2.3706","2022.9474","false","0","5116","1760","0.2709346991037132","55","19","84","-0.284","-0.2925"
"1.8456140350877193","5.569543825046645E-4","0.5418250950570342","4","0.5787878787878787","45","3","false","energy efficiency","4642","89.17777777777778","0","45","0","0.9969138173901909","1.6667","1.3019","2022.8","false","0","4642","866","0.3140062597809077","45","15","71","1.072","0.1115"
"1.8982456140350876","3.350564107514053E-4","0.5268022181146026","4","0.5907258064516129","32","3","false","energy consumption","4640","83.96875","0","32","0","0.9967217313356384","1.1818","0.9217","2022.8182","false","0","4640","406","0.297761524822695","32","11","45","1.1766","-0.1399"
"1.6631578947368422","0.009327864938527605","0.6012658227848101","3","0.306140350877193","96","2","false","diagnosis","3762","62.802083333333336","0","96","0","0.9975797157126393","1.0147","1.0986","2022.8676","false","0","3762","8446","0.22035818713450292","96","68","259","-0.8285","0.1155"
"1.9087719298245613","3.201298932540247E-4","0.5238970588235294","3","0.5754985754985755","27","3","false","diabetic retinopathy","3756","88.66666666666667","0","27","0","0.9966833141247278","3.0","2.354","2022.6","false","0","3756","316","0.31220657276995306","27","15","54","-1.0047","0.2782"
"1.9157894736842105","2.9767578272093663E-4","0.521978021978022","3","0.56","25","3","false","computed-tomography","2623","80.92","0","25","0","0.9966577026507877","1.1667","1.3369","2023.0","false","0","2623","290","0.28492957746478875","25","12","36","-1.0859","0.601"
"1.9052631578947368","3.8000079651546575E-4","0.5248618784530387","3","0.50997150997151","27","2","false","computed tomography","2618","79.03703703703704","0","27","0","0.996696119861698","0.9167","1.0504","2023.0","false","0","2618","378","0.2773229369720598","27","12","34","-0.982","0.5479"
"1.407017543859649","0.031026443221906584","0.7107231920199502","2","0.2366159481544097","169","2","false","classification","2164","56.27810650887574","0","169","0","0.9985145345114612","1.6571","1.7539","2022.8286","false","0","2164","23036","0.19746704038202015","169","175","589","-0.4816","-0.2933"
"1.912280701754386","3.0270797884462703E-4","0.5229357798165137","2","0.5292307692307693","26","3","false","chatgpt","2044","92.42307692307692","0","26","0","0.9966705083877576","1.6286","1.8661","2023.0","false","0","2044","332","0.32543336944745394","26","35","54","-0.4128","-0.1791"
"1.8280701754385964","0.0010380102491868949","0.5470249520153551","1","0.5012244897959184","50","3","false","automation","1205","84.44","0","50","0","0.9969778460750416","0.2273","0.2604","2022.9091","false","0","1205","1256","0.29732394366197185","50","22","80","0.2373","0.5696"
"1.9333333333333333","2.2202361419740096E-4","0.5172413793103449","3","0.5684210526315789","20","3","false","agreement","427","92.25","0","20","0","0.9965936739659367","1.0769","0.929","2022.9231","false","0","427","190","0.3248239436619718","20","13","33","-0.5961","0.0644"
"1.8350877192982455","0.001241588706837165","0.5449330783938815","3","0.48196114708603144","47","2","false","accuracy","189","84.42553191489361","0","47","0","0.9969522346011013","0.8065","0.9113","2022.9032","false","0","189","1208","0.2962299365434864","47","31","85","-0.7849","0.4852"
"1.4771929824561403","0.019422089414006912","0.6769596199524941","3","0.2705423544349719","149","2","false","system","13411","60.214765100671144","0","149","0","0.9982584197720579","1.5505","1.5948","2022.8257","false","0","13411","16826","0.21127987754621452","149","109","396","-0.373","0.1257"
"1.8631578947368421","0.001028046945117566","0.5367231638418078","4","0.4705128205128205","40","3","false","scheme","11932","75.325","0","40","0","0.99684978870534","1.2667","1.3722","2022.8","false","0","11932","886","0.2652288732394366","40","15","59","0.7811","-0.4455"
"1.694736842105263","0.004931002306686256","0.5900621118012422","2","0.3611333867949746","87","2","false","recognition","11300","71.13793103448276","0","87","0","0.9974644640799077","1.5897","1.476","2022.8205","false","0","11300","5082","0.24960677555958863","87","39","145","-0.2021","-0.2179"
"1.6070175438596492","0.008984074943346595","0.6222707423580786","1","0.33012010113780027","113","3","false","performance","10144","66.49557522123894","0","113","0","0.997784607504162","1.7011","1.8195","2022.8851","false","0","10144","8686","0.23413934937055964","113","87","285","0.168","0.3413"
"1.8912280701754387","4.6033652982385324E-4","0.5287569573283859","6","0.5454545454545454","33","3","false","efficient","4411","90.66666666666667","0","33","0","0.9967473428095788","1.0769","1.234","2023.0","false","0","4411","496","0.32037691401649","33","13","36","0.2539","-0.3318"
"1.8421052631578947","8.468399583089368E-4","0.5428571428571428","4","0.5227053140096618","46","3","false","costs","3018","76.69565217391305","0","46","0","0.9969266231271608","5.5","6.2032","2022.875","false","0","3018","1020","0.2700551132884262","46","16","72","0.9774","-0.2197"
"1.8280701754385964","0.0014571879756959903","0.5470249520153551","6","0.4266666666666667","51","3","false","computer architecture","2635","72.74509803921569","0","51","0","0.9969778460750416","14.5625","11.2106","2022.8125","false","0","2635","1476","0.2570498163929883","51","16","70","0.5908","-0.6483"
"1.7614035087719297","0.002064813110510681","0.5677290836653387","4","0.4881474978050922","68","2","false","communication","2495","80.6029411764706","0","68","0","0.9972211550774747","1.2083","1.3185","2022.875","false","0","2495","2472","0.28281733746130033","68","24","105","0.7572","0.4477"
"1.7087719298245614","0.004211134347209221","0.5852156057494866","4","0.4058183955333529","83","2","false","artificial intelligence (ai)","873","76.01204819277109","0","83","0","0.9974132411320272","1.6863","1.6757","2022.8431","false","0","873","4330","0.26670894102726694","83","51","127","0.2485","0.2324"
"1.8842105263157896","4.923787112678874E-4","0.5307262569832402","4","0.5383244206773619","34","3","false","wireless networks","14851","80.47058823529412","0","34","0","0.9967729542835191","3.0","2.5456","2022.5833","false","0","14851","550","0.28334714167357083","34","12","47","1.0416","-0.1609"
"1.8771929824561404","7.737260021957382E-4","0.5327102803738317","1","0.47597597597597596","37","3","false","virtual reality","14541","79.54054054054055","0","37","0","0.9967985657574593","0.0741","0.0702","2022.5556","false","0","14541","728","0.2810619807086238","37","27","69","-0.2952","0.7422"
"1.9017543859649122","3.2723047454424225E-4","0.525830258302583","5","0.5608465608465608","28","2","false","time","13809","95.64285714285714","0","28","0","0.9967089255986682","0.8889","0.9305","2022.8889","false","0","13809","358","0.3355889724310777","28","18","35","-0.0404","-0.0904"
"1.592982456140351","0.011291039038734926","0.6277533039647577","1","0.3067466266866567","116","2","false","systems","13448","64.81896551724138","0","116","0","0.9978358304520425","1.3973","1.3458","2022.7945","false","0","13448","9926","0.22743496672716274","116","73","237","0.4192","0.1329"
"1.8280701754385964","8.282126840217165E-4","0.5470249520153551","4","0.5773809523809523","49","2","false","sdn","11982","83.22448979591837","0","49","0","0.9969778460750416","0.6957","0.7799","2022.8261","false","0","11982","1056","0.292015753669889","49","23","87","1.1354","0.267"
"1.817543859649123","8.846173472144842E-4","0.5501930501930502","4","0.5500725689404935","53","3","false","resource-allocation","11594","81.09433962264151","0","53","0","0.9970162632859522","3.6923","3.255","2022.6923","false","0","11594","1280","0.28554344937549825","53","13","82","1.2091","-0.0518"
"1.9052631578947368","2.300586910972365E-4","0.5248618784530387","4","0.6507936507936508","28","3","false","quality of service","11011","74.53571428571429","0","28","0","0.996696119861698","1.0","1.1459","2023.0","false","0","11011","278","0.26244969818913483","28","11","41","1.292","-0.0956"
"1.5543859649122806","0.014317599096315359","0.6433408577878104","5","0.30233720784901885","127","2","false","optimization","9778","63.22834645669291","0","127","0","0.9979766935587143","1.4128","1.2479","2022.8349","false","0","9778","11930","0.22185384721646637","127","109","342","0.5063","-0.089"
"1.7017543859649122","0.005076154799947257","0.5876288659793815","4","0.37142857142857144","85","2","false","networks","9290","72.68235294117648","0","85","0","0.9974388526059674","1.5167","1.7414","2022.7833","false","0","9290","5070","0.2550257997936016","85","60","173","0.1947","-0.2704"
"1.694736842105263","0.005747269808507542","0.5900621118012422","2","0.35292580982236155","88","3","false","network","9233","69.52272727272727","0","88","0","0.9974644640799077","1.1475","1.1785","2022.8852","false","0","9233","5264","0.24479833546734955","88","61","178","-0.0846","-0.5868"
"1.9228070175438596","3.836014292376448E-4","0.5200729927007299","1","0.4843304843304843","27","3","false","metaverse","8432","72.22222222222223","0","27","0","0.9966320911768473","1.3636","1.4905","2022.7273","false","0","8432","390","0.25793650793650796","27","11","35","0.156","0.5405"
"1.9228070175438596","2.500502147687918E-4","0.5200729927007299","6","0.5760869565217391","24","3","false","lstm","7929","94.75","0","24","0","0.9966320911768473","0.7647","0.8763","2022.7059","false","0","7929","238","0.33480565371024734","24","17","35","0.3301","-0.6901"
"1.9508771929824562","1.0038172969004215E-4","0.512589928057554","5","0.625","16","3","false","localization","7824","111.0625","0","16","0","0.996529645281086","0.6923","0.7933","2022.8462","false","0","7824","138","0.3924469964664311","16","13","20","0.8834","-0.4893"
"1.8421052631578947","6.411490261511036E-4","0.5428571428571428","4","0.603030303030303","45","2","false","internet of things (iot)","7136","93.53333333333333","0","45","0","0.9969266231271608","1.4286","1.5048","2022.9048","false","0","7136","844","0.32818713450292397","45","21","80","0.9598","-0.069"
"1.7964912280701755","0.0016792156158403633","0.556640625","4","0.49210987726475747","59","3","false","federated learning","5124","80.28813559322033","0","59","0","0.9970930977077731","1.0","0.9423","2022.6216","false","0","5124","1826","0.28270470279302934","59","37","101","0.7706","-0.292"
"1.880701754385965","5.520247129088376E-4","0.5317164179104478","1","0.5062388591800356","34","2","false","environment","4718","80.61764705882354","0","34","0","0.9967857600204892","0.4545","0.5209","2023.0","false","0","4718","632","0.28286893704850363","34","11","39","-0.0594","0.5995"
"1.7263157894736842","0.0038804288553943183","0.5792682926829268","4","0.40311587147030187","79","3","false","edge computing","4357","71.25316455696202","0","79","0","0.9973492124471763","1.7292","1.7171","2022.7083","false","0","4357","3824","0.25089142449634516","79","48","158","0.8704","-0.0425"
"1.8701754385964913","7.020305813135726E-4","0.5347091932457786","4","0.5525525525525525","37","2","false","edge","4350","82.05405405405405","0","37","0","0.9968241772313996","1.0","0.8575","2022.6364","false","0","4350","646","0.28790896159317214","37","11","53","0.8898","-0.1579"
"1.8421052631578947","0.001036368675084307","0.5428571428571428","1","0.4570048309178744","46","3","false","digital twin","3914","73.6086956521739","0","46","0","0.9969266231271608","1.25","1.1515","2022.625","false","0","3914","1178","0.2591855480710349","46","24","69","0.4983","0.6228"
"1.936842105263158","2.1757899838150207E-4","0.5163043478260869","4","0.5157894736842106","20","3","false","deep reinforcement learning","3535","72.5","0","20","0","0.9965808682289665","0.7778","0.8912","2022.7778","false","0","3535","216","0.25618374558303886","20","18","26","1.1454","-0.1991"
"1.5824561403508772","0.010160702306501002","0.6319290465631929","4","0.33869819114086314","119","2","false","challenges","2010","67.14285714285714","0","119","0","0.9978742476629531","1.4286","1.5237","2022.8571","false","0","2010","9730","0.23558897243107768","119","49","251","0.5316","0.2711"
"1.9087719298245613","3.5784399851077455E-4","0.5238970588235294","1","0.5158730158730159","28","3","false","augmented reality","1079","76.28571428571429","0","28","0","0.9966833141247278","0.2941","0.3137","2022.7647","false","0","1079","386","0.2695608278647148","28","17","46","-0.0481","0.9292"
"1.4210526315789473","0.0257105174240207","0.7037037037037037","1","0.25513673318551366","165","2","false","artificial-intelligence","939","58.38787878787879","0","165","0","0.9984633115635805","0.7744","0.8188","2022.8722","false","0","939","20960","0.20486975013290804","165","133","480","-0.092","0.4111"
"1.8456140350877193","0.0010675376606523782","0.5418250950570342","4","0.44714587737843553","44","2","false","anomaly detection","711","79.72727272727273","0","44","0","0.9969138173901909","1.2273","1.2802","2022.7273","false","0","711","1122","0.27974481658692185","44","22","62","0.5804","-0.1321"
"1.5473684210526315","0.016000077574496355","0.6462585034013606","5","0.28766957364341084","129","2","false","algorithm","566","62.6124031007752","0","129","0","0.9980023050326546","1.9495","1.8855","2022.8485","false","0","566","12928","0.21969264245886033","129","99","304","-0.1472","-0.1567"
"1.8701754385964913","3.317555937365075E-4","0.5347091932457786","4","0.6557610241820768","38","3","false","6g","109","93.23684210526316","0","38","0","0.9968241772313996","3.3077","2.8143","2022.5385","false","0","109","510","0.32829873980726465","38","13","56","1.0853","0.0185"
"1.8596491228070176","7.119371101901433E-4","0.5377358490566038","4","0.573076923076923","40","2","false","5g","85","83.25","0","40","0","0.9968625944423102","1.3478","1.3031","2022.6522","false","0","85","738","0.29210526315789476","40","23","71","0.9673","0.102"
"1.775438596491228","0.0016674722617050694","0.5632411067193676","4","0.49851190476190477","64","2","false","things","13752","80.09375","0","64","0","0.9971699321295939","0.9524","0.9025","2022.9048","false","0","13752","2142","0.281030701754386","64","21","135","0.9303","0.4669"
"1.7403508771929825","0.0029743286844650992","0.5745967741935484","1","0.4454054054054054","75","3","false","technologies","13568","76.78666666666666","0","75","0","0.9972979894992956","2.4545","2.326","2022.8182","false","0","13568","3166","0.2703755868544601","75","22","118","0.5059","0.5033"
"1.8456140350877193","0.001060900042164575","0.5418250950570342","1","0.47342995169082125","46","3","false","sustainability","13326","74.67391304347827","0","46","0","0.9969138173901909","0.2105","0.2204","2022.9474","false","0","13326","1130","0.2638654171147642","46","19","65","0.4628","0.7123"
"1.5298245614035089","0.01574855072002617","0.6536697247706421","3","0.2896420154864774","134","2","false","software","12643","62.90298507462686","0","134","0","0.9980663337175054","0.9224","0.8998","2022.8448","false","0","12643","13444","0.22071222833202409","134","116","345","-0.2476","0.2085"
"1.817543859649123","0.0018074701309205674","0.5501930501930502","6","0.41509433962264153","54","3","false","sensors","12173","75.33333333333333","0","54","0","0.9970162632859522","1.2917","1.4801","2022.875","false","0","12173","1732","0.2661955241460542","54","24","84","0.1586","-0.4846"
"1.6456140350877193","0.007740473756463268","0.6076759061833689","4","0.3463366336633663","101","2","false","security","12027","65.82178217821782","0","101","0","0.9976437443974902","0.7042","0.7735","2022.8732","false","0","12027","7038","0.23095362167795727","101","71","280","0.809","-0.0663"
"1.8982456140350876","2.307904970591463E-4","0.5268022181146026","1","0.625615763546798","29","2","false","robotics","11748","86.72413793103448","0","29","0","0.9967217313356384","3.1818","2.817","2022.6364","false","0","11748","320","0.3042952208106473","29","11","41","0.2394","0.7206"
"1.9228070175438596","2.022386011709374E-4","0.5200729927007299","4","0.5731225296442688","23","3","false","resilience","11555","83.78260869565217","0","23","0","0.9966320911768473","0.9167","0.687","2022.6667","false","0","11555","226","0.29500918554807104","23","12","33","0.6942","0.3919"
"1.894736842105263","3.3947250455010765E-4","0.5277777777777778","1","0.5770114942528736","30","2","false","nlp","9412","82.63333333333334","0","30","0","0.9967345370726085","0.7","0.8021","2022.7","false","0","9412","380","0.2899415204678363","30","10","36","-0.0703","0.6787"
"1.7052631578947368","0.004653820094020789","0.5864197530864198","5","0.3697647733792312","84","2","false","neural networks","9311","71.55952380952381","0","84","0","0.9974260468689972","2.2917","2.0561","2022.75","false","0","9311","4594","0.2510860484544695","84","48","138","-0.0438","0.1515"
"1.817543859649123","0.0021049040544199715","0.5501930501930502","5","0.3574660633484163","52","2","false","neural network","9304","72.38461538461539","0","52","0","0.9970162632859522","1.2188","1.4278","2022.7812","false","0","9304","1876","0.2539811066126856","52","32","80","-0.3112","-0.1422"
"1.3719298245614036","0.03348316689562226","0.7289002557544757","5","0.23589228548113741","179","2","false","model","8658","56.340782122905026","0","179","0","0.9986425918811628","1.8155","2.0213","2022.881","false","0","8658","25516","0.19768695481721063","179","168","545","-0.1021","0.1125"
"1.5263157894736843","0.01813515332223812","0.6551724137931034","1","0.29762299613045884","135","2","false","management","8069","62.888888888888886","0","135","0","0.9980791394544756","1.061","1.0804","2022.8537","false","0","8069","15766","0.2206627680311891","135","82","357","0.2276","0.3038"
"1.1368421052631579","0.08592187609778233","0.8796296296296297","6","0.1805209888833582","246","2","false","machine learning","7980","49.23170731707317","0","246","0","0.9995005762581637","0.8436","0.875","2022.7863","false","0","7980","52474","0.1727428326914848","246","454","1337","-0.07","-0.0181"
"1.7824561403508772","0.002556654922842348","0.5610236220472441","6","0.40860215053763443","63","3","false","machine","7975","76.77777777777777","0","63","0","0.9971443206556538","1.0357","1.1302","2022.9286","false","0","7975","2404","0.27034428794992177","63","28","96","0.184","0.1689"
"1.817543859649123","0.0012191996780452402","0.5501930501930502","1","0.48868778280542985","52","2","false","knowledge","7422","80.11538461538461","0","52","0","0.9970162632859522","1.0","1.0326","2022.8571","false","0","7422","1406","0.28110661268556003","52","14","68","0.0041","0.6493"
"1.7298245614035088","0.0030599357055467228","0.5780933062880325","4","0.43711551606288446","77","2","false","iot","7233","74.8961038961039","0","77","0","0.9973364067102062","1.2857","1.36","2022.7959","false","0","7233","3394","0.2627933470038733","77","49","194","0.9336","0.3154"
"1.8350877192982455","9.345122399241298E-4","0.5449330783938815","4","0.523936170212766","48","3","false","intrusion detection","7198","81.70833333333333","0","48","0","0.9969522346011013","1.4286","1.5803","2022.8571","false","0","7198","1106","0.2877053990610329","48","21","86","0.7867","-0.1357"
"1.6701754385964913","0.006456571590309879","0.5987394957983193","4","0.3469204927211646","95","3","false","internet of things","7135","67.97894736842105","0","95","0","0.9975541042386988","0.9848","1.0896","2022.7727","false","0","7135","5980","0.23936249073387694","95","66","220","0.6603","-0.0123"
"1.5894736842105264","0.008946705084394432","0.6291390728476821","4","0.3510167992926614","117","2","false","internet","7128","66.94871794871794","0","117","0","0.9978486361890126","1.3171","1.3738","2022.8659","false","0","7128","9160","0.23490778227620332","117","82","377","0.8431","0.3299"
"1.6912280701754385","0.006453401707340874","0.5912863070539419","1","0.3343782654127482","88","2","false","information","6837","67.85227272727273","0","88","0","0.9974772698168779","0.8824","0.9061","2022.9118","false","0","6837","5554","0.2380781499202552","88","34","145","-0.1586","0.2905"
"1.7894736842105263","0.0016344570117329976","0.5588235294117647","1","0.4807909604519774","60","2","false","industry 4.0","6806","78.81666666666666","0","60","0","0.9971187091817134","0.9545","1.0758","2022.7727","false","0","6806","1970","0.27654970760233916","60","22","95","0.5681","0.486"
"1.6736842105263159","0.006630008222606356","0.5974842767295597","1","0.3345021037868163","93","2","false","impact","6655","65.60215053763442","0","93","0","0.9975412985017289","1.0","1.0594","2022.8545","false","0","6655","6004","0.23018298434257686","93","55","162","-0.1802","0.6047"
"1.8736842105263158","7.696964823502441E-4","0.5337078651685393","1","0.4873015873015873","36","2","false","health-care","6100","77.94444444444444","0","36","0","0.9968113714944294","0.8333","0.9549","2022.9167","false","0","6100","716","0.27348927875243667","36","12","50","-0.0054","0.2646"
"1.856140350877193","0.0013027781792890256","0.5387523629489603","5","0.4378048780487805","41","2","false","fuzzy logic","5523","70.3170731707317","0","41","0","0.9968754001792803","5.2","5.9586","2022.8667","false","0","5523","1096","0.2467265725288832","41","15","53","0.2898","0.1069"
"1.7228070175438597","0.003082297238389563","0.5804480651731161","1","0.4329763063940279","79","2","false","future","5496","75.9620253164557","0","79","0","0.9973620181841465","1.0938","1.2474","2022.9375","false","0","5496","3594","0.26653342216300246","79","32","161","0.0054","0.8659"
"1.4526315789473685","0.02196529633590585","0.6884057971014492","4","0.267741935483871","156","2","false","framework","5419","60.17307692307692","0","156","0","0.998348059930849","2.1034","1.8726","2022.8276","false","0","5419","18934","0.2111336032388664","156","87","368","0.3155","-0.0235"
"1.831578947368421","8.233249194505945E-4","0.5459770114942529","1","0.5540780141843972","48","2","false","evolution","4846","83.22916666666667","0","48","0","0.9969650403380714","1.0833","1.0431","2022.9167","false","0","4846","1056","0.29203216374269003","48","12","71","0.5168","0.8375"
"1.543859649122807","0.01440488062207547","0.6477272727272728","6","0.29636255217650564","130","2","false","design","3681","62.715384615384615","0","130","0","0.9980151107696248","0.8655","0.8486","2022.8235","false","0","3681","12360","0.22005398110661267","130","119","334","0.0428","0.2089"
"1.2456140350877194","0.05547887310741852","0.8028169014084506","2","0.20230384698978482","215","2","false","deep learning","3500","51.990697674418605","0","215","0","0.9991035984120886","1.4545","1.3609","2022.8106","false","0","3500","38428","0.1824235006119951","215","396","1093","-0.4533","-0.3603"
"1.8771929824561404","3.356644082039826E-4","0.5327102803738317","1","0.5930930930930931","37","3","false","data science","3363","91.43243243243244","0","37","0","0.9967985657574593","0.6154","0.6442","2022.8462","false","0","3363","546","0.3230828001146022","37","13","57","0.661","0.8509"
"1.831578947368421","0.0010844120815464622","0.5459770114942529","4","0.4873469387755102","50","3","false","cybersecurity","3261","81.2","0","50","0","0.9969650403380714","0.3913","0.4484","2023.0","false","0","3261","1262","0.28692579505300353","50","23","75","0.7189","0.0988"
"1.712280701754386","0.003968060188945127","0.5840163934426229","4","0.4140319180969588","82","2","false","cloud computing","2254","72.96341463414635","0","82","0","0.9974004353950571","4.3171","4.3473","2022.8537","false","0","2254","4052","0.2560119811724433","82","41","153","0.7555","-0.2279"
"1.8701754385964913","6.03928747043534E-4","0.5347091932457786","4","0.5695006747638327","39","3","false","cloud","2252","86.53846153846153","0","39","0","0.9968241772313996","5.9091","4.6086","2022.7273","false","0","2252","658","0.3057896167436803","39","11","52","0.967","0.214"
"1.719298245614035","0.0033584514305719064","0.5816326530612245","4","0.4370253164556962","80","2","false","blockchain","1593","74.575","0","80","0","0.9973748239211166","1.8966","1.8998","2022.7586","false","0","1593","3738","0.26166666666666666","80","58","190","0.8862","0.1841"
"1.6210526315789473","0.007640868210924965","0.6168831168831169","1","0.3608515057113188","108","2","false","big data","1460","68.25925925925925","0","108","0","0.9977333845562812","1.1803","1.3135","2022.8197","false","0","1460","7618","0.23950617283950618","108","61","269","0.5545","0.5772"
"1.775438596491228","0.001685233579554142","0.5632411067193676","1","0.4955357142857143","64","2","false","bibliometric analysis","1437","80.421875","0","64","0","0.9971699321295939","1.2692","1.4391","2022.8846","false","0","1437","2122","0.28218201754385963","64","26","114","0.1673","0.8993"
"1.9087719298245613","2.2093793153443064E-4","0.5238970588235294","4","0.6239316239316239","27","3","false","authentication","1087","88.0","0","27","0","0.9966833141247278","2.0909","2.3599","2022.8182","false","0","1087","270","0.30985915492957744","27","11","47","1.0968","-0.2672"
"1.8666666666666667","7.646966374068794E-4","0.5357142857142857","6","0.5076923076923077","40","3","false","artificial neural networks","929","87.625","0","40","0","0.9968369829683698","1.0","1.0137","2022.8095","false","0","929","780","0.30962897526501765","40","21","60","0.3012","-0.2436"
"1.03859649122807","0.11331036265417847","0.9628378378378379","3","0.16815058420897838","274","2","false","artificial intelligence","871","47.51094890510949","0","274","0","0.9998591368933282","0.88","0.9173","2022.8163","false","0","871","64656","0.16670508387757715","274","942","2388","-0.2544","0.1367"
"1.7473684210526317","0.0028670422737013626","0.572289156626506","4","0.4471830985915493","72","2","false","architecture","810","75.68055555555556","0","72","0","0.9972723780253554","3.5946","3.1117","2022.7027","false","0","810","3084","0.2655458089668616","72","37","137","0.8132","0.2098"
"1.8596491228070176","4.876296672948853E-4","0.5377358490566038","1","0.598780487804878","41","3","false","0","10","85.92682926829268","0","41","0","0.9968625944423102","1.2667","1.3722","2022.8667","false","0","10","670","0.30255925798694605","42","15","67","0.7642","0.6858"
"1.5964912280701755","0.01647145304863243","0.6263736263736264","1","0.32143401983218917","115","2","false","ai","440","65.22608695652174","0","115","0","0.9978230247150723","0.7901","0.876","2022.8395","false","0","440","15468","0.22963870177587262","115","81","266","-0.1278","0.4925"
"2.592982456140351","0.0","0.38565629228687415",,"0.0","1","3","false","","10","115.0","0","1","0","0.9941861954155461",,,,"false","0","10","0","0.0",,,,,
